Workbook
Name Actual_Ratio: REPORT!$N$7
Name Actual_TDY: 'DATA INPUT'!$E$141:$E$156
Name Actual_YSD: 'DATA INPUT'!$F$141:$F$156
Name AGActual_Ratio: REPORT!$H$5
Name API_RANGE: TEMPERATURE!$C$2:$BA$2
Name AUTOFILL01: 'WELL DATA'!$CV$4:$DP$190
Name AUTOFILL02: 'WATER FLOOD WELLS'!$AW$3:$BF$44
Name AUTOFILL03: 'WELL TESTS'!$AR$3:$BK$14
Name AUTOFILL04: 'WELL TESTS'!$L$3:$L$14
Name AUTOFILL05: 'WELL TESTS'!$O$3:$O$14
Name AUTOFILL06: 'LAB DATA'!#REF!
Name AUTOFILL06: 'DFL SHOTS'!$Z$3:$AJ$20
Name AUTOFILL07: 'LAB DATA'!$I$3:$I$23
Name AUTOFILL07: 'DFL SHOTS'!$J$3:$J$20
Name AUTOFILL08: 'WELL DATA'!$F$4:$F$190
Name AUTOFILL09: 'WELL DATA'!$AM$4:$AM$190
Name AUTOFILL10: 'WATER FLOOD WELLS'!$N$5:$N$11
Name AUTOFILL11: 'WELL DATA'!$AG$4:$AG$190
Name AUTOFILL13: 'EQUIPMENT DATA'!$AJ$3:$AT$26
Name AUTOFILL14: MANIFOLDS!$AJ$3:$AP$28
Name BFPD: 'WELL DATA'!$AI$4:$AI$190
Name BOPD: 'WELL DATA'!$AM:$AM
Name BSSTATUS: TANKS!$C$3:$C$6
Name BSW: 'WELL DATA'!$AJ$4:$AJ$190
Name CALC01: 'WELL DATA'!$CV$4:$DP$4
Name CALC02: 'WATER FLOOD WELLS'!$AW$3:$BF$3
Name CALC03: 'WELL TESTS'!$AR$4:$BK$4
Name CALC04: 'WELL TESTS'!$L$3
Name CALC05: 'WELL TESTS'!$O$3
Name CALC06: 'LAB DATA'!#REF!
Name CALC06: 'DFL SHOTS'!$Z$3:$AJ$3
Name CALC07: 'LAB DATA'!$I$3
Name CALC07: 'DFL SHOTS'!$J$3
Name CALC08: 'WELL DATA'!$F$4
Name CALC09: 'WELL DATA'!$AM$4
Name CALC10: 'WATER FLOOD WELLS'!$N$5
Name CALC11: 'WELL DATA'!$AG$4
Name CALC13: 'EQUIPMENT DATA'!$AJ$3:$AT$3
Name CALC14: MANIFOLDS!$AJ$3:$AP$3
Name CASING_STATUS: ADMIN!$P$39:$P$40
Name CHOKE: ADMIN!$P$3:$P$35
Name CLEARPF: REPORT!#REF!
Name CLEARRANGE01: REPORT!$B$65:$O$73,REPORT!$B$75:$N$83,REPORT!$B$87:$O$110
Name CLEARRANGE02: 'WELL TESTS'!$B$4:$K$8,'WELL TESTS'!$M$4:$N$8,'WELL TESTS'!$P$4:$Y$8
Name CLEARRANGE03: 'WELL DATA'!$AN$5:$AO$190
Name CLEARRANGE05: 'LAB DATA'!$B$4:$J$23
Name CLEARRANGE05: 'DFL SHOTS'!$B$4:$M$20
Name CLEARRANGE06: 'EQUIPMENT DATA'!$D$3:$I$26
Name CLEARRANGE07: 'DATA INPUT'!$G$35:$I$132
Name CLEARRANGE08: 'DATA INPUT'!$E$3:$E$30
Name CLEARRANGE09: 'EQUIPMENT DATA'!$D$4:$I$26
Name CLOSINGSTK: REPORT!$D$38:$F$38
Name COMMENT: REPORT!$B$56:$L$106
Name COPYTARG02: #REF!
Name COPYTARG02: #REF!
Name CPF_LIST: ADMIN!#REF!
Name CPF_LIST: ADMIN!#REF!
Name DATATAG: 'WELL TESTS'!$AR$4:$AR$14
Name DEF_PROD: 'WELL DATA'!$F:$F
Name DELTA_DAY: 'DATA INPUT'!$S$2

Sheet REPORT
A1: rep | AU1: AVOCET TAG | AV1: DATE | AW1: PLANT | AX1: TYPE | AY1: METER NAME | AZ1: MT | BA1: LIQUID | BB1: GAS | BC1: COMMENTS
AU2: KHALDA_METER | AV2: =REPORTDATE-1 -> 46298 | AW2: 9AG OIL PLANT | AX2: B | AY2: AG OIL | AZ2: L | BA2: =N8-'DATA INPUT'!E7 -> 10855.889 | BC2: ADD Meter:ALLOCATED ON OIL WELLS W/O SAG SEP WELLS and WD-33-15
B3: ="VERSION "&VERSION -> VERSION 1.6 | D3: KHALDA PETROLEUM COMPANY | K3: =+REPDATE -> 46299 | AU3: KHALDA_METER | AV3: =REPORTDATE-1 -> 46298 | AW3: 9AG OIL PLANT | AX3: B | AY3: AG COND | AZ3: L | BA3: =N9 -> 665.39671 | BC3: Reference Meter:COND PRODUCTION | CD3: Click this button to save the file to the X: drive (as FILE1,xls)
D4: Production Day Ending @ 0600 Hours | AU4: KHALDA_METER | AV4: =REPORTDATE-1 -> 46298 | AW4: 9AG OIL PLANT | AX4: B | AY4: GPC | AZ4: L | BA4: =N38 -> 123.04943 | BC4: Reference Meter
B5: ABU ELGHARADIG (AG) OIL PLANT | E5: PRODUCTION SUMMARY | H5: =(N8+N10-H27)/(L8+L10-E27) -> 1.0004025 | L5: Production BBLs | M5: TDY V YST | N5: Actual BBL | O5: TDY V YST | AU5: KHALDA_METER | AV5: =REPORTDATE-1 -> 46298 | AW5: 9AG OIL PLANT | AX5: B | AY5: PRODUCTION FLARE GAS | AZ5: O | BB5: ='DATA INPUT'!E5 -> 665.129 | BC5: Reference Meter: FLARE GAS BETWEEN OIL PLANT AND GAS PLANT
B6: FIELD NAME | C6: FLOWING WELLS | D6: GAS PROD MMSCFD | E6: NET PROD TODAY | F6: NET PROD YESTERDAY | G6: DELTA | H6: ACTUAL | J6: EA TOTAL OIL PRODUCTION | L6: =L13+L20 -> 24206.345 | M6: =L6-'DATA INPUT'!F30 -> 26.344747 | N6: =N13+N20 -> 24215.01 | O6: ='DATA INPUT'!E141-'DATA INPUT'!F141 -> 9.1405579 | AU6: KHALDA_METER | AV6: =REPORTDATE-1 -> 46298 | AW6: 9AG OIL PLANT | AX6: B | AY6: WD TOTAL OIL PRODUCTION | AZ6: L | BA6: =N6 -> 24215.01 | BC6: Reference Meter: AG TOTAL OIL + COND + RZK PROD + NRQ PROD
B7: AG | C7: =IFERROR(IF(TDYPROD=0,0,COUNTIF(FIELD,"AG")),"") -> 20 | D7: =IFERROR(SUMIF(FIELD,"AG",EST_GASPROD)*GAS_PROFAC,"")+IFERROR(SUMIF(FIELD,"AG",GASLIFT)*GAS_PROFAC,"") -> 12.175814 | E7: =IFERROR(SUMIF(FIELD,"AG",EST_PROD)*OIL_PROFAC,"") -> 1128.5928 | F7: 1153.856 | G7: =IF(E7="","",E7-F7) -> -25.263218 | H7: =AGActual_Ratio*E7 -> 1129.047 | N7: =(BB21-AZ25-AZ30)/(AW21-AX25-AX30) -> 1.0004025 | AU7: KHALDA_METER | AV7: =REPORTDATE-1 -> 46298 | AW7: 9AG OIL PLANT | AX7: B | AY7: AG TOTAL OIL PRODUCTION | AZ7: L | BA7: =N8+N10 -> 11110.992 | BC7: Reference Meter: AG PROD FROM TANKS (all wells including SAG SEP wells) - AG Cond - OAPCO ( bec. it is coming on the same tanks
B8: BOLTNAIL | C8: =IFERROR(IF(TDYPROD=0,0,COUNTIF(FIELD,"BOLTNAIL")),"")+IFERROR(IF(TDYPROD=0,0,COUNTIF(FIELD,"BOLT")),"") -> 1 | D8: =IFERROR(SUMIF(FIELD,"BOLTNAIL",EST_GASPROD)*GAS_PROFAC,"")+IFERROR(SUMIF(FIELD,"BOLTNAIL",GASLIFT)*GAS_PROFAC,"") -> 0 | E8: =IFERROR(SUMIF(FIELD,"BOLTNAIL",EST_PROD),"")+L37 -> 47 | F8: 43 | G8: =IF(E8="","",E8-F8) -> 4 | H8: =AGActual_Ratio*E8 -> 47.018917 | J8: AG NET OIL PRODUCTION | L8: =H39-L9-'DATA INPUT'!E21-'DATA INPUT'!E24 -> 10851.522 | M8: =L8-'DATA INPUT'!F29 -> -200.47825 | N8: =L8*Actual_Ratio -> 10855.889 | O8: ='DATA INPUT'!E143-'DATA INPUT'!F143 -> -210.76499 | AU8: KHALDA_METER | AV8: =REPORTDATE-1 -> 46298 | AW8: 9AG OIL PLANT | AX8: B | AY8: AG INJ | AZ8: L | BA8: =SUM('WATER FLOOD WELLS'!H3:H44) -> 31095
B9: SAG | C9: =IFERROR(IF(TDYPROD=0,0,COUNTIF(FIELD,"SAG")),"") -> 8 | D9: =IFERROR(SUMIF(FIELD,"SAG",EST_GASPROD)*GAS_PROFAC,"")+IFERROR(SUMIF(FIELD,"SAG",GASLIFT)*GAS_PROFAC,"") -> 8.3706364 | E9: =IFERROR(SUMIF(FIELD,"SAG",EST_PROD)*OIL_PROFAC,"") -> 1239.9556 | F9: 1257.4748 | G9: =IF(E9="","",E9-F9) -> -17.519128 | H9: =AGActual_Ratio*E9 -> 1240.4547 | J9: AG CONDENSATE | L9: ='DATA INPUT'!E5 -> 665.129 | M9: =REPORT!L9-'DATA INPUT'!F5 -> 5.398 | N9: =L9*Actual_Ratio -> 665.39671 | O9: ='DATA INPUT'!E144-'DATA INPUT'!F144 -> 4.8141881 | AU9: KHALDA_METER | AV9: =REPORTDATE-1 -> 46298 | AW9: 9WD-33 | AX9: B | AY9: WD-33 OIL | AZ9: L | BA9: =N10 -> 255.10264 | BC9: Reference Meter: Used for injection in AG
B10: SWAG | C10: =IFERROR(IF(TDYPROD=0,0,COUNTIF(FIELD,"SWAG")),"") -> 3 | D10: =IFERROR(SUMIF(FIELD,"SWAG",EST_GASPROD)*GAS_PROFAC,"")+IFERROR(SUMIF(FIELD,"SWAG",GASLIFT)*GAS_PROFAC,"") -> 3.8456361 | E10: =IFERROR(SUMIF(FIELD,"SWAG",EST_PROD)*OIL_PROFAC,"") -> 77.44775 | F10: 79.190059 | G10: =IF(E10="","",E10-F10) -> -1.742309 | H10: =AGActual_Ratio*E10 -> 77.478923 | J10: WD-33 OIL PRODUCTION | L10: ='DATA INPUT'!E26 -> 255 | M10: =L10-'DATA INPUT'!F26 -> 2 | N10: =L10*Actual_Ratio -> 255.10264 | O10: ='DATA INPUT'!E145-'DATA INPUT'!F145 -> 1.776086 | AU10: KHALDA_METER | AV10: =REPORTDATE-1 -> 46298 | AW10: 9WD-33-15 | AX10: B | AY10: WD-33-15 OIL | AZ10: L | BA10: =N11 -> 5915.38 | BC10: ADD Meter: WD-33-15 Oil for production
B11: OAKHILL-W | C11: =IFERROR(IF(TDYPROD=0,0,COUNTIF(FIELD,"OAKHILL-W")),"")+IFERROR(IF(TDYPROD=0,0,COUNTIF(FIELD,"OAKHILL-SW")),"") -> 2 | D11: =IFERROR(SUMIF(FIELD,"OAKHILL-W",EST_GASPROD)*GAS_PROFAC,"")+IFERROR(SUMIF(FIELD,"OAKHILL-W",GASLIFT)*GAS_PROFAC,"") -> 0 | E11: =IFERROR(SUMIF(FIELD,"OAKHILL-W",EST_PROD)*OIL_PROFAC,"")+IFERROR(SUMIF(FIELD,"OAKHILL-SW",EST_PROD)*OIL_PROFAC,"") -> 526.57435 | F11: 538.42047 | G11: =IF(E11="","",E11-F11) -> -11.846119 | H11: =AGActual_Ratio*E11 -> 526.7863 | J11: WD-33-15 OIL PRODUCTION | L11: ='DATA INPUT'!E22 -> 5913 | M11: =L11-'DATA INPUT'!F22 -> 184 | N11: =L11*Actual_Ratio -> 5915.38 | O11: ='DATA INPUT'!E146-'DATA INPUT'!F146 -> 178.98546 | AU11: KHALDA_METER | AV11: =REPORTDATE-1 -> 46298 | AW11: 9AG GAS PLANT | AX11: P | AY11: OIL CORRECTION | AZ11: L | BA11: ='DATA INPUT'!E7 -> 0
B12: MAPLE-01, NAG & NEAG | C12: =IFERROR(IF(TDYPROD=0,0,COUNTIF(FIELD,"MAPLE")),"")+IFERROR(IF(TDYPROD=0,0,COUNTIF(FIELD,"NEAG")),"")+IFERROR(IF(TDYPROD=0,0,COUNTIF(FIELD,"NAG")),"") -> 5 | D12: =IFERROR(SUMIF(FIELD,"MAPLE",EST_GASPROD)*GAS_PROFAC,"")+IFERROR(SUMIF(FIELD,"MAPLE",GASLIFT)*GAS_PROFAC,"")+IFERROR(SUMIF(FIELD,"NEAG",EST_GASPROD)*GAS_PROFAC,"")+IFERROR(SUMIF(FIELD,"NEAG",GASLIFT)*GAS_PROFAC,"")+IFERROR(SUMIF(FIELD,"NAG",EST_GASPROD)*GAS_PROFAC,"")+IFERROR(SUMIF(FIELD,"NAG",GASLIFT)*GAS_PROFAC,"") -> 8.4731961 | E12: =IFERROR(SUMIF(FIELD,"MAPLE",EST_PROD)*OIL_PROFAC,"")+IFERROR(SUMIF(FIELD,"NEAG",EST_PROD)*OIL_PROFAC,"")+IFERROR(SUMIF(FIELD,"NAG",EST_PROD)*OIL_PROFAC,"") -> 1583.2851 | F12: 1618.9036 | G12: =IF(E12="","",E12-F12) -> -35.61849 | H12: =AGActual_Ratio*E12 -> 1583.9224 | J12: TOTAL AG PRODUCTION | L12: =SUM(L8:L11) -> 17684.651 | M12: =SUM(M8:M11) -> -9.0802529 | N12: =SUM(N8:N11) -> 17691.769 | O12: =SUM(O8:O11) -> -25.189253 | BC12: Add Meter: Summation of oil production of wells producing on SAG SEP
B13: MEGHAR & Reviera | C13: =IFERROR(IF(TDYPROD=0,0,COUNTIF(FIELD,"MEGHAR")),"")+IFERROR(IF(TDYPROD=0,0,COUNTIF(FIELD,"RIVIERA")),"") -> 3 | D13: =IFERROR(SUMIF(FIELD,"MEGHAR",EST_GASPROD)*GAS_PROFAC,"")+IFERROR(SUMIF(FIELD,"MEGHAR",GASLIFT)*GAS_PROFAC,"")+IFERROR(SUMIF(FIELD,"RIVIERA",EST_GASPROD)*GAS_PROFAC,"")+IFERROR(SUMIF(FIELD,"RIVIERA",GASLIFT)*GAS_PROFAC,"") -> 0.96018633 | E13: =IFERROR(SUMIF(FIELD,"MEGHAR",EST_PROD)*OIL_PROFAC,"")+IFERROR(SUMIF(FIELD,"RIVIERA",EST_PROD)*OIL_PROFAC,"") -> 34.812277 | F13: 25.709514 | G13: =IF(E13="","",E13-F13) -> 9.1027632 | H13: =AGActual_Ratio*E13 -> 34.826289 | J13: TOTAL AG PRODUCTION WITHOUT THIRD PARTY | L13: =L12-'DATA INPUT'!E6 -> 17630.345 | M13: =M11+M10+M8+((L9-'DATA INPUT'!E6)-('DATA INPUT'!F5-'DATA INPUT'!F6)) -> -10.661253 | N13: =L13*Actual_Ratio -> 17637.441 | O13: ='DATA INPUT'!E148-'DATA INPUT'!F148 -> -26.724058
B14: Mahroussa-D | C14: =IFERROR(IF(TDYPROD=0,0,COUNTIF(FIELD,"Mahroussa-D")),"") -> 1 | D14: =IFERROR(SUMIF(FIELD,"Mahroussa-D",EST_GASPROD)*GAS_PROFAC,"")+IFERROR(SUMIF(FIELD,"Mahroussa-D",GASLIFT)*GAS_PROFAC,"") -> 0 | E14: =IFERROR(SUMIF(FIELD,"Mahroussa-D",EST_PROD)*OIL_PROFAC,"") -> 47.414142 | F14: 48.480797 | G14: =IF(E14="","",E14-F14) -> -1.0666557 | H14: =AGActual_Ratio*E14 -> 47.433226 | J14: RAZZAK OIL PRODUCTION | L14: =+'DATA INPUT'!E9 -> 5540 | M14: ='DATA INPUT'!E9-'DATA INPUT'!F9 -> 40 | N14: =BB22 -> 5541.0732 | O14: ='DATA INPUT'!E150-'DATA INPUT'!F150 -> 39.72406
B15: WD09 (A, B &D, E) | C15: =IFERROR(IF(TDYPROD=0,0,COUNTIF(FIELD,"WD09-A")),"")+IFERROR(IF(TDYPROD=0,0,COUNTIF(FIELD,"WD09-B")),"")+IFERROR(IF(TDYPROD=0,0,COUNTIF(FIELD,"WD09-E")),"") -> 10 | D15: =IFERROR(SUMIF(FIELD,"WD09-A",EST_GASPROD)*GAS_PROFAC,"")+IFERROR(SUMIF(FIELD,"WD09-A",GASLIFT)*GAS_PROFAC,"")+IFERROR(SUMIF(FIELD,"WD09-B",EST_GASPROD)*GAS_PROFAC,"")+IFERROR(SUMIF(FIELD,"WD09-B",GASLIFT)*GAS_PROFAC,"")+IFERROR(SUMIF(FIELD,"WD09-E",GASLIFT)*GAS_PROFAC,"") -> 12.301137 | E15: =IFERROR(SUMIF(FIELD,"WD09-A",EST_PROD)*OIL_PROFAC,"")+IFERROR(SUMIF(FIELD,"WD09-b",EST_PROD)*OIL_PROFAC,"")+IFERROR(SUMIF(FIELD,"WD09-D",EST_PROD)*OIL_PROFAC,"")+IFERROR(SUMIF(FIELD,"WD09-E",EST_PROD)*OIL_PROFAC,"") -> 4133.291 | F15: 4204.4343 | G15: =IF(E15="","",E15-F15) -> -71.143275 | H15: =AGActual_Ratio*E15 -> 4134.9546 | J15: NWRZK OIL PRODUCTION | L15: =+'DATA INPUT'!E17 -> 105 | M15: =+'DATA INPUT'!E17-'DATA INPUT'!F17 -> 0 | N15: =BB23 -> 105.04219 | O15: ='DATA INPUT'!E152-'DATA INPUT'!F152 -> -0.096821092
B16: WD30 A | C16: =IFERROR(IF(TDYPROD=0,0,COUNTIF(FIELD,"WD30 A")),"") -> 1 | D16: =IFERROR(SUMIF(FIELD,"WD30 A",EST_GASPROD)*GAS_PROFAC,"")+IFERROR(SUMIF(FIELD,"WD30 A",GASLIFT)*GAS_PROFAC,"") -> 0.86228926 | E16: =IFERROR(SUMIF(FIELD,"WD30 a",EST_PROD)*OIL_PROFAC,"") -> 42.475169 | F16: 43.430714 | G16: =IF(E16="","",E16-F16) -> -0.95554575 | H16: =AGActual_Ratio*E16 -> 42.492265 | J16: NRQ OIL PRODUCTION | L16: ='DATA INPUT'!E11 -> 490 | M16: ='DATA INPUT'!E11-'DATA INPUT'!F11 -> -1 | N16: =BB26 -> 490.27728 | O16: ='DATA INPUT'!E151-'DATA INPUT'!F151 -> -1.3582209 | BI16: AVOCET TAG | BJ16: DATE | BK16: PLANT | BL16: TYPE | BM16: METER NAME | BN16: MT | BO16: LIQUID | BP16: GAS
B17: HAWK | C17: =IFERROR(IF(TDYPROD=0,0,COUNTIF(FIELD,"HAWK")),"") -> 3 | D17: =IFERROR(SUMIF(FIELD,"HAWK",EST_GASPROD)*GAS_PROFAC,"")+IFERROR(SUMIF(FIELD,"HAWK",GASLIFT)*GAS_PROFAC,"") -> 0.28157532 | E17: =IFERROR(SUMIF(FIELD,"HAWK",EST_PROD)*OIL_PROFAC,"") -> 1061.1409 | F17: 1085.0129 | G17: =IF(E17="","",E17-F17) -> -23.872033 | H17: =AGActual_Ratio*E17 -> 1061.568 | J17: NERZK OIL PRODUCTION | L17: =+'DATA INPUT'!E15 -> 123 | M17: ='DATA INPUT'!E15-'DATA INPUT'!F15 -> -1 | N17: =+BB29 -> 123.04943 | O17: ='DATA INPUT'!E155-'DATA INPUT'!F155 -> -1.114743 | AV17: Open | AW17: Received | AX17: Shipped | AY17: Close | BI17: KHALDA_METER | BJ17: =REPORTDATE-1 -> 46298 | BK17: 9AG OIL PLANT | BL17: B | BM17: AG OIL | BN17: L | BO17: =N8-'DATA INPUT'!E7 -> 10855.889
B18: SPYGLASS-W & SPYGLASS | C18: =IFERROR(IF(TDYPROD=0,0,COUNTIF(FIELD,"SPYGLASS-W")),"")+IFERROR(IF(TDYPROD=0,0,COUNTIF(FIELD,"SPYGLASS")),"") -> 2 | D18: =IFERROR(SUMIF(FIELD,"SPYGLASS-W",EST_GASPROD)*GAS_PROFAC,"")+IFERROR(SUMIF(FIELD,"SPYGLASS-W",GASLIFT)*GAS_PROFAC,"")+IFERROR(SUMIF(FIELD,"SPYGLASS",EST_GASPROD)*GAS_PROFAC,"")+IFERROR(SUMIF(FIELD,"SPYGLASS",GASLIFT)*GAS_PROFAC,"") -> 0.53728152 | E18: =IFERROR(SUMIF(FIELD,"SPYGLASS-W",EST_PROD)*OIL_PROFAC,"")+IFERROR(SUMIF(FIELD,"SPYGLASS",EST_PROD)*OIL_PROFAC,"") -> 108.23635 | F18: 113.97884 | G18: =IF(E18="","",E18-F18) -> -5.7424963 | H18: =AGActual_Ratio*E18 -> 108.27991 | J18: AKIK OIL PRODUCTION | L18: ='DATA INPUT'!E13 -> 195 | M18: ='DATA INPUT'!E13-'DATA INPUT'!F13 -> -1 | N18: =BB27 -> 195.07796 | O18: ='DATA INPUT'!E153-'DATA INPUT'!F153 -> -1.1762406 | AU18: Alamein | AV18: =G46 -> 56615.981 | AW18: =G50 -> 24177.712 | AX18: =G47 -> 23447.499 | AY18: =G49 -> 57346.194 | BA18: =AV18+AW18=AX18+AY18 -> TRUE | BI18: KHALDA_METER | BJ18: =REPORTDATE-1 -> 46298 | BM18: AG COND | BN18: L | BO18: =N9 -> 665.39671
B19: SHADOW & SHADOW-W , NW | C19: =IFERROR(IF(TDYPROD=0,0,COUNTIF(FIELD,"SHADOW")),"")+IFERROR(IF(TDYPROD=0,0,COUNTIF(FIELD,"shadow-W")),"")+IFERROR(IF(TDYPROD=0,0,COUNTIF(FIELD,"shadow-nW")),"") -> 7 | D19: =IFERROR(SUMIF(FIELD,"SHADOW",EST_GASPROD)*GAS_PROFAC,"")+IFERROR(SUMIF(FIELD,"SHADOW",GASLIFT)*GAS_PROFAC,"")+IFERROR(SUMIF(FIELD,"SHADOW-W",EST_GASPROD)*GAS_PROFAC,"")+IFERROR(SUMIF(FIELD,"SHADOW-W",GASLIFT)*GAS_PROFAC,"")+IFERROR(SUMIF(FIELD,"SHADOW-nW",GASLIFT)*GAS_PROFAC,"") -> 7.9437289 | E19: =IFERROR(SUMIF(FIELD,"SHADOW",EST_PROD)*OIL_PROFAC,"")+IFERROR(SUMIF(FIELD,"shadow-W",EST_PROD)*OIL_PROFAC,"")+IFERROR(SUMIF(FIELD,"shadow-nW",EST_PROD)*OIL_PROFAC,"") -> 577.40088 | F19: 591.11477 | G19: =IF(E19="","",E19-F19) -> -13.713897 | H19: =AGActual_Ratio*E19 -> 577.63328 | J19: RAFIKI OIL PRODUCTION | L19: =MOVEMENT!F43 -> 123 | M19: ='DATA INPUT'!E19-'DATA INPUT'!F19 -> 0 | N19: =BB28 -> 123.04943 | O19: ='DATA INPUT'!E154-'DATA INPUT'!F154 -> -0.11341899 | AZ19: =+L40/L39 -> 1.0004019 | BA19: =AV19+AW19=AX19+AY19 -> TRUE | BI19: KHALDA_METER | BJ19: =REPORTDATE-1 -> 46298 | BM19: RAFIKI | BN19: L | BO19: =N34 -> 123.04943
B20: OLYMPIC | C20: =IFERROR(IF(TDYPROD=0,0,COUNTIF(FIELD,"OLYMPIC")),"") -> 1 | D20: =IFERROR(SUMIF(FIELD,"OLYMPIC",EST_GASPROD)*GAS_PROFAC,"")+IFERROR(SUMIF(FIELD,"OLYMPIC",GASLIFT)*GAS_PROFAC,"") -> 0 | E20: =IFERROR(SUMIF(FIELD,"OLYMPIC",EST_PROD)*OIL_PROFAC,"") -> 179.68882 | F20: 183.7312 | G20: =IF(E20="","",E20-F20) -> -4.0423828 | H20: =AGActual_Ratio*E20 -> 179.76115 | J20: TOTAL RAZZAK PRODUCTION | L20: =SUM(L14:L19) -> 6576 | M20: =SUM(M14:M19) -> 37 | N20: =SUM(N14:N19) -> 6577.5695 | O20: =SUM(O14:O19) -> 35.864616 | AW20: Prod | AX20: Shipped | AY20: Close | AZ20: Reconciled Shipped | BB20: Reconciled Prod | BI20: KHALDA_METER | BJ20: =REPORTDATE-1 -> 46298 | BM20: NWRZK | BN20: L | BO20: =N32 -> 105.04219
B21: PACIFIC | C21: =IFERROR(IF(TDYPROD=0,0,COUNTIF(FIELD,"PACIFIC")),"") -> 0 | D21: =IFERROR(SUMIF(FIELD,"PACIFIC",EST_GASPROD)*GAS_PROFAC,"")+IFERROR(SUMIF(FIELD,"PACIFIC",GASLIFT)*GAS_PROFAC,"") -> 0 | E21: =IFERROR(SUMIF(FIELD,"PACIFIC",EST_PROD)*OIL_PROFAC,"") -> 0 | F21: 0 | G21: =IF(E21="","",E21-F21) -> 0 | H21: =AGActual_Ratio*E21 -> 0 | J21: WATER INJECTION SUMMARY | AU21: AG | AV21: =G35 -> 20791.186 | AW21: =G39 -> 17755.651 | AX21: =TOTPUMPED -> 17774 | AY21: =G38 -> 20772.837 | AZ21: =$AZ$19*AX21 -> 17781.143 | BA21: =AV21+AW21=AX21+AY21 -> TRUE | BB21: =AZ21+AY21-AV21 -> 17762.793 | BI21: KHALDA_METER | BJ21: =REPORTDATE-1 -> 46298 | BM21: AKIK-NE | BN21: L | BO21: =N33 -> 194.07796
B22: RIDGEWOOD | C22: =IFERROR(IF(TDYPROD=0,0,COUNTIF(FIELD,"RIDGEWOOD")),"") -> 1 | D22: =IFERROR(SUMIF(FIELD,"RIDGEWOOD",EST_GASPROD)*GAS_PROFAC,"")+IFERROR(SUMIF(FIELD,"RIDGEWOOD",GASLIFT)*GAS_PROFAC,"") -> 1.0480852 | E22: =IFERROR(SUMIF(FIELD,"RIDGEWOOD",EST_PROD)*OIL_PROFAC,"") -> 64.20665 | F22: 65.65108 | G22: =IF(E22="","",E22-F22) -> -1.4444296 | H22: =AGActual_Ratio*E22 -> 64.232493 | J22: AREA | K22: WATER INJ | L22: WATER INJ TARGET | N22: DELTA | AU22: RZK | AV22: ='DATA INPUT'!F8 -> 31660 | AW22: =L14 -> 5540 | AX22: =L28 -> 5159 | AY22: ='DATA INPUT'!E8 -> 32040 | AZ22: =$AZ$19*AX22 -> 5161.0732 | BA22: =AV22+AW22=AX22+AY22 -> FALSE | BB22: =AZ22+AY22-AV22 -> 5541.0732 | BI22: KHALDA_METER | BJ22: =REPORTDATE-1 -> 46298 | BM22: NORTH RAS QATTARA | BN22: L | BO22: =N31 -> 690.27728
B23: WD33 | C23: =IFERROR(IF(TDYPROD=0,0,COUNTIF(FIELD,"WD33")),"")+IFERROR(IF(TDYPROD=0,0,COUNTIF(FIELD,"WD33 v")),"") -> 5 | D23: 0 | E23: =IFERROR(SUMIF(FIELD,"WD33",EST_PROD)*OIL_PROFAC3,"")+IFERROR(SUMIF(FIELD,"WD33 v",EST_PROD)*OIL_PROFAC3,"") -> 255 | F23: 253 | G23: =IF(E23="","",E23-F23) -> 2 | H23: =AGActual_Ratio*E23 -> 255.10264 | J23: RAZZAK AREA | K23: ='WATER FLOOD WELLS'!D65 -> 55989 | L23: ='WATER FLOOD WELLS'!C65 -> 64650 | N23: ='WATER FLOOD WELLS'!E65 -> -8661 | AU23: NWRZK | AW23: =+'DATA INPUT'!E17 -> 105 | AX23: =+'DATA INPUT'!E18 -> 105 | AZ23: =$AZ$19*AX23 -> 105.04219 | BA23: =AV23+AW23=AX23+AY23 -> TRUE | BB23: =AW23+(AZ23-AX23) -> 105.04219 | BI23: KHALDA_METER | BJ23: =REPORTDATE-1 -> 46298 | BM23: ENPEDCO | BN23: L | BO23: ='OAPCO FAX'!E13 -> 0
B24: WD33-15 | C24: =IFERROR(IF(TDYPROD=0,0,COUNTIF(FIELD,"WD33-15")),"")+IFERROR(IF(TDYPROD=0,0,COUNTIF(FIELD,"WD-33K")),"")+IFERROR(IF(TDYPROD=0,0,COUNTIF(FIELD,"WD33 H")),"")+IFERROR(IF(TDYPROD=0,0,COUNTIF(FIELD,"WD33-C")),"")+IFERROR(IF(TDYPROD=0,0,COUNTIF(FIELD,"WD33 j")),"") -> 10 | D24: 0 | E24: =IFERROR(SUMIF(FIELD,"WD33-15",EST_PROD)*OIL_PROFAC2,"")+IFERROR(SUMIF(FIELD,"WD33-c",EST_PROD)*OIL_PROFAC2,"")+IFERROR(SUMIF(FIELD,"WD33 H",EST_PROD)*OIL_PROFAC2,"")+IFERROR(SUMIF(FIELD,"WD-33k",EST_PROD)*OIL_PROFAC2,"")+IFERROR(SUMIF(FIELD,"WD33 j",EST_PROD)*OIL_PROFAC2,"") -> 5913 | F24: 5729 | G24: =IF(E24="","",E24-F24) -> 184 | H24: =AGActual_Ratio*E24 -> 5915.38 | J24: AG AREA | K24: ='WATER FLOOD WELLS'!D79 -> 27650 | L24: ='WATER FLOOD WELLS'!C79 -> 34850 | N24: ='WATER FLOOD WELLS'!E79 -> -7163 | AU24: ENPEDCO | AX24: =+'DATA INPUT'!E7 -> 0 | AZ24: =$AZ$19*AX24 -> 0 | BA24: =AV25+AW25=AX25+AY25 -> TRUE | BB24: =AY25+AZ25-AV25 -> 5915.4047 | BI24: KHALDA_METER | BJ24: =REPORTDATE-1 -> 46298 | BM24: WD-33 OIL | BN24: L | BO24: =N10 -> 255.10264
B25: TOTAL | C25: =IFERROR(SUM(C6:C24),0) -> 83 | D25: =IFERROR(SUM(D6:D24),0) -> 56.799567 | E25: =IFERROR(SUM(E6:E24),0) -> 17019.522 | F25: 17034.389 | G25: =IF(E25="","",E25-F25) -> -14.867215 | H25: =SUM(H7:H24) -> 17026.372 | J25: TOTAL INJ WATER | K25: =SUM(K23:K24) -> 83639 | L25: =SUM(L23:M24) -> 99500 | N25: =SUM(N23:N24) -> -15824 | AU25: WD | AV25: =D56 -> 1342 | AW25: =D57 -> 5913 | AX25: =D58 -> 5984 | AY25: =D59 -> 1271 | AZ25: =$AZ$19*AX25 -> 5986.4047 | BA25: =AV26+AW26=AX26+AY26 -> FALSE | BB25: =AW28+(AZ28-AX28) -> 123.04943 | BI25: KHALDA_METER | BJ25: =REPORTDATE-1 -> 46298 | BM25: WD-33-15 OIL | BN25: L
B26: SAG SEP | E26: 0 | F26: 0 | G26: =IF(E26="","",E26-F26) -> 0 | H26: =E26 -> 0 | J26: SHIPPING SUMMARY | N26: Received | AU26: GPC | AX26: =+L38 -> 123 | BA26: =AV27+AW27=AX27+AY27 -> FALSE | BB26: =AW27+(AZ27-AX27) -> 490.27728 | BI26: KHALDA_METER | BJ26: =REPORTDATE-1 -> 46298 | BM26: AG-157 GL | BN26: O | BP26: ='WELL DATA'!H83 -> 1.44
B27: TOTAL OIL | E27: =IFERROR(SUM(E25:E26),0) -> 17019.522 | F27: 17034.389 | G27: =E27-F27 -> -14.867215 | H27: =N8+N10+N11 -> 17026.372 | J27: AG SHIPPED OIL | L27: =H36 -> 17774 | M27: BBL | N27: =$AZ$19*L27 -> 17781.143 | AU27: NRQ | AV27: 0 | AW27: =L16 -> 490 | AX27: =L31 -> 690 | AY27: 0 | AZ27: =$AZ$19*AX27 -> 690.27728 | BA27: =AV29+AW29=AX29+AY29 -> FALSE | BB27: =AW29+(AZ29-AX29) -> 195.07796 | BI27: KHALDA_METER | BJ27: =REPORTDATE-1 -> 46298 | BM27: AG-108 GL | BN27: O | BP27: ='WELL DATA'!H60 -> 0
J28: RAZZAK SHIPPED OIL | L28: ='DATA INPUT'!E10 -> 5159 | M28: BBL | N28: =AZ22 -> 5161.0732 | AU28: NERZK | AW28: =+'DATA INPUT'!E15 -> 123 | AX28: =+'DATA INPUT'!E16 -> 123 | AZ28: =$AZ$19*AX28 -> 123.04943 | BA28: =AV31+AW31=AX31+AY31 -> TRUE | BB28: =AW31+(AZ31-AX31) -> 123.04943 | BI28: KHALDA_METER | BJ28: =REPORTDATE-1 -> 46298 | BM28: AG-117STGL | BN28: O | BP28: ='WELL DATA'!H64 -> 0
J29: WD-33-15 SHIPPED OIL | L29: ='DATA INPUT'!E21 -> 5984 | M29: BBL | N29: =AZ25 -> 5986.4047 | AU29: AKIK-NE | AW29: =+'DATA INPUT'!E13 -> 195 | AX29: =+'DATA INPUT'!E14 -> 194 | AZ29: =$AZ$19*AX29 -> 194.07796 | BB29: =AW28+(AZ28-AX28) -> 123.04943 | BI29: KHALDA_METER | BJ29: =REPORTDATE-1 -> 46298 | BM29: AG-146 GL | BN29: O | BP29: ='WELL DATA'!H80 -> 0
J30: WD-33 SHIPPED OIL | L30: ='DATA INPUT'!E24 -> 255 | M30: BBL | N30: =AZ30 -> 255.10247 | AU30: WD-33 | AV30: ='DATA INPUT'!F25 -> 159 | AW30: ='DATA INPUT'!E26 -> 255 | AX30: ='DATA INPUT'!E24 -> 255 | AY30: ='DATA INPUT'!E25 -> 159 | AZ30: =$AZ$19*AX30 -> 255.10247 | BB30: =AY30+AZ30-AV30 -> 255.10247 | BI30: KHALDA_METER | BJ30: =REPORTDATE-1 -> 46298 | BM30: AG-119 GL | BN30: O | BP30: ='WELL DATA'!H66 -> 0
J31: NRQ SHIPPED OIL | L31: ='DATA INPUT'!NRQSHIPPED -> 690 | M31: BBL | N31: =AZ27 -> 690.27728 | AU31: RAFIKI | AV31: =MOVEMENT!F42 -> 0 | AW31: =MOVEMENT!F43 -> 123 | AX31: =MOVEMENT!F44 -> 123 | AY31: =MOVEMENT!F45 -> 0 | AZ31: =$AZ$19*AX31 -> 123.04943 | BI31: KHALDA_METER | BJ31: =REPORTDATE-1 -> 46298 | BM31: AG-125 GL | BN31: O | BP31: ='WELL DATA'!H70 -> 0
B32: PRODUCTION TANK SUMMARY | J32: NWRZK SHIPPED OIL | L32: =+'DATA INPUT'!E18 -> 105 | M32: BBL | N32: =+AZ23 -> 105.04219 | AU32: TAG | AX32: =+'DATA INPUT'!E31 -> 0 | AZ32: =$AZ$19*AX32 -> 0 | BI32: KHALDA_METER | BJ32: =REPORTDATE-1 -> 46298 | BM32: AG-141 GL | BN32: O | BP32: =+'WELL DATA'!H77 -> 1.24
B33: ITEM | D33: TANK 201 | E33: TANK 202 | F33: POWER OIL | G33: TOTALS | H33: TOTALS WITHOUT OIL RECEIVED FROM OFFLOADING STATION | J33: AKIK SHIPPED OIL | L33: ='DATA INPUT'!E14 -> 194 | M33: BBL | N33: =+AZ29 -> 194.07796 | AU33: BOLT | AX33: =+L37 -> 47 | AZ33: =+AX33*$AZ$19 -> 47.018887 | BI33: KHALDA_METER | BJ33: =REPORTDATE-1 -> 46298 | BM33: RIDGEWOOD-01 GL | BN33: O | BP33: ='WELL DATA'!H117 -> 1.0493882
B34: Tank Status | D34: =IFERROR(IF(D38-D35>0,"Production",IF(D38-D35<0,"Shipping",IF(D38-D35=0,"Closed"))),"") -> Shipping | E34: =IFERROR(IF(E38-E35>0,"Production",IF(E38-E35<0,"Shipping",IF(E38-E35=0,"Closed"))),"") -> Production | F34: =IFERROR(IF(F38-F35>0,"Production",IF(F38-F35<0,"Shipping",IF(F38-F35=0,"Closed"))),"") -> Closed | J34: RAFIKI SHIPPED OIL | L34: ='DATA INPUT'!E20 -> 123 | M34: BBL | N34: =+AZ31 -> 123.04943 | AW34: =AW21+AW22+AW23+AW27+AW29+AW31 -> 24208.651 | AX34: =AX21+AX22+AX23+AX26+AX27+AX29+AX31+AX33 -> 24215 | AY34: 0 | AZ34: =AZ19*L32 -> 105.04219 | BI34: KHALDA_METER | BJ34: =REPORTDATE-1 -> 46298 | BM34: SWAG-N01 GL | BN34: O | BP34: ='WELL DATA'!H148 -> 1.4670939
B35: Opening Stock | D35: =IFERROR(TANKS!E3,"") -> 19313.4 | E35: =IFERROR(TANKS!E5,"") -> 1477.7861 | F35: =IFERROR(TANKS!E7,"") -> 0 | G35: =SUM(OPENINGSTK) -> 20791.186 | H35: =SUM(OPENINGSTK) -> 20791.186 | J35: ENPEDCO | L35: =+'DATA INPUT'!E7 -> 0 | M35: BBL | N35: =+AZ24 -> 0 | BI35: KHALDA_METER | BJ35: =REPORTDATE-1 -> 46298 | BM35: AG-13 GL | BN35: O | BP35: ='WELL DATA'!H9 -> 0.95949584
B36: Net Pumped | D36: =IFERROR(TANKS!M3,"") -> 17774 | E36: =IFERROR(TANKS!M5,"") -> 0 | F36: =IFERROR(TANKS!M7,"") -> 0 | G36: =SUM(SHIPPED) -> 17774 | H36: =SUM(SHIPPED)-'DATA INPUT'!E7-'DATA INPUT'!E31 -> 17774 | J36: OIL FROM TAG | L36: ='DATA INPUT'!E31 -> 0 | M36: BBL | N36: =AZ32 -> 0 | BI36: KHALDA_METER | BJ36: =REPORTDATE-1 -> 46298 | BM36: AG-15 GL | BN36: O | BP36: ='WELL DATA'!H11 -> 0
B37: Water Drained | D37: =IFERROR(TANKS!N3,"") -> 24 | E37: =IFERROR(TANKS!N5,"") -> 0 | F37: =IFERROR(TANKS!N7,"") -> 0 | G37: =SUM(WATERDRAIN) -> 24 | H37: =SUM(WATERDRAIN) -> 24 | J37: OIL FROM BOLT | L37: =+'DATA INPUT'!E32 -> 47 | M37: BBL | N37: =+AZ33 -> 47.018887 | BI37: KHALDA_METER | BJ37: =REPORTDATE-1 -> 46298 | BM37: AG-130 GL | BN37: O | BP37: ='WELL DATA'!H71 -> 0
B38: Closing Stock | D38: =IFERROR(TANKS!E4,"") -> 1515.3428 | E38: =IFERROR(TANKS!E6,"") -> 19257.494 | F38: =IFERROR(TANKS!E8,"") -> 0 | G38: =SUM(CLOSINGSTK) -> 20772.837 | H38: =SUM(CLOSINGSTK) -> 20772.837 | J38: OIL FROM NERZK-A | L38: =+'DATA INPUT'!E16 -> 123 | M38: BBL | N38: =+AZ28 -> 123.04943 | BI38: KHALDA_METER | BJ38: =REPORTDATE-1 -> 46298 | BM38: AG-110 GL | BN38: O | BP38: ='WELL DATA'!H61 -> 0
B39: PRODUCTION | G39: =IFERROR(IF((G38+G36-G35)<0,G37*-1,(G38+G36-G35)),0) -> 17755.651 | H39: =IFERROR(IF((H38+H36-H35)<0,H37*-1,(H38+H36-H35)),0) -> 17755.651 | J39: OIL SHIPPED TO ALAMEIN | L39: =SUM(L27,L28,L31,L32,L33,L34,L35,L36,L38) -> 24168 | M39: BBL | N39: Month to Date Cum | BI39: KHALDA_METER | BJ39: =REPORTDATE-1 -> 46298 | BM39: AG-24 GL | BN39: O | BP39: ='WELL DATA'!H15 -> 0
B40: Temperature (°F) | D40: ='DATA INPUT'!E37 -> 97 | E40: ='DATA INPUT'!E45 -> 97 | F40: ='DATA INPUT'!E53 -> 0 | J40: OIL RECEIVED AT ALAMEIN | L40: =G50 -> 24177.712 | M40: BBL | BI40: KHALDA_METER | BJ40: =REPORTDATE-1 -> 46298 | BM40: AG-25ST1 GL | BN40: O | BP40: ='WELL DATA'!H16 -> 0
B41: API gravity (DEG) | D41: ='DATA INPUT'!E39 -> 35.3 | E41: ='DATA INPUT'!E47 -> 36.6 | F41: ='DATA INPUT'!E55 -> 0 | J41: SHIP vs RECEIVED ALAMEIN | L41: =L40-L39 -> 9.7120664 | M41: BBL | N41: ='DATA INPUT'!P5 -> 10.58141 | BI41: KHALDA_METER | BJ41: =REPORTDATE-1 -> 46298 | BM41: HAWK-05ST GL | BN41: O | BP41: ='WELL DATA'!H97 -> 0
B42: BS&W (%) | D42: ='DATA INPUT'!E40 -> 0.05 | E42: ='DATA INPUT'!E48 -> 0 | F42: ='DATA INPUT'!E56 -> 0 | J42: DELTA ALAMEIN vs ELHAMRA | L42: ='DATA INPUT'!E28-'DATA INPUT'!E27 -> -45 | M42: BBL | N42: ='DATA INPUT'!P6 -> -268 | BI42: KHALDA_METER | BJ42: =REPORTDATE-1 -> 46298 | BM42: AG-29A GL | BN42: O | BP42: ='WELL DATA'!H19 -> 0
B43: Salt (PTB) | D43: ='DATA INPUT'!E41 -> 15.2 | E43: ='DATA INPUT'!E49 -> 0 | F43: ='DATA INPUT'!E57 -> 0 | J43: ASSOCIATED GAS OIL WELLS | L43: ='DATA INPUT'!E3 -> 58.97 | M43: MMSCF | N43: ='DATA INPUT'!E3-'DATA INPUT'!F3 -> 0.26 | BI43: KHALDA_METER | BJ43: =REPORTDATE-1 -> 46298 | BM43: AG-31 GL | BN43: O | BP43: ='WELL DATA'!H20 -> 1.12
B44: ITEM | D44: NIPCO TK 1 | E44: NIPCO TK 2 | F44: WEPCO F-3 | G44: TOTALS | J44: PRODUCTION FLARE GAS | L44: ='DATA INPUT'!E4 -> 0.46 | M44: MMSCF | N44: =L44-'DATA INPUT'!F4 -> 0.01 | BI44: KHALDA_METER | BJ44: =REPORTDATE-1 -> 46298 | BM44: AG-42ST1 GL | BN44: O | BP44: ='WELL DATA'!H23 -> 0.85
B45: Tank Status | D45: =IFERROR(IF(D49-D46>0,"Production",IF(D49-D46<0,"Shipping",IF(D49-D46=0,"Closed"))),"") -> Production | E45: =IFERROR(IF(E49-E46>0,"Production",IF(E49-E46<0,"Shipping",IF(E49-E46=0,"Closed"))),"") -> Shipping | F45: =IFERROR(IF(F49-F46>0,"Production",IF(F49-F46<0,"Shipping",IF(F49-F46=0,"Closed"))),"") -> Production | J45: TOP THREE DOWNTIME CAUSES | N45: BBL | BI45: KHALDA_METER | BJ45: =REPORTDATE-1 -> 46298 | BM45: AG-53 GL | BN45: O | BP45: ='WELL DATA'!H29 -> 0
B46: Opening Stock | D46: =IFERROR(TANKS!E27,"") -> 7900.9247 | E46: =IFERROR(TANKS!E29,"") -> 47047.276 | F46: =IFERROR(TANKS!E31,"") -> 1667.7801 | G46: =SUM(D46:F46) -> 56615.981 | J46: =IF(N46=0,"",VLOOKUP(REPORT!N46,ADMIN!B3:M68,4,FALSE)) -> Reservoir | N46: =IF(L6=0,0,MAX(ADMIN!B3:B68)) -> 9.69 | BI46: KHALDA_METER | BJ46: =REPORTDATE-1 -> 46298 | BM46: NEAG-04X GL | BN46: O | BP46: =+'WELL DATA'!H92 -> 0
B47: Net Pumped | D47: =IFERROR(TANKS!M27,"") -> 0 | E47: =IFERROR(TANKS!M29,"") -> 23447.499 | F47: =IFERROR(TANKS!M31,"") -> 0 | G47: =SUM(D47:F47) -> 23447.499 | J47: Internal RPF losses | L47: =(N31+N32+N33+N34+N38)-(N15+N16+N17+N18+N19) -> 199 | N47: =IF(L6=0,0,LARGE(ADMIN!B3:B68,2)) -> 0 | BI47: KHALDA_METER | BJ47: =REPORTDATE-1 -> 46298 | BM47: NAG-06ST GL | BN47: O | BP47: =+'WELL DATA'!H113 -> 2
B48: Water Drained | D48: =IFERROR(TANKS!N27,"") -> 0 | E48: =IFERROR(TANKS!N29,"") -> 86 | F48: =IFERROR(TANKS!N31,"") -> 0 | G48: =SUM(D48:F48) -> 86 | J48: =IF(N48=0,"",VLOOKUP(REPORT!N48,ADMIN!B3:M68,4,FALSE)) | N48: =IF(L6=0,0,LARGE(ADMIN!B3:B68,3)) -> 0 | BI48: KHALDA_METER | BJ48: =REPORTDATE-1 -> 46298 | BM48: AG-57ST2 GL | BN48: O | BP48: ='WELL DATA'!H32 -> 1.118178
B49: Closing Stock | D49: =IFERROR(TANKS!E28,"") -> 28323.552 | E49: =IFERROR(TANKS!E30,"") -> 27354.861 | F49: =IFERROR(TANKS!E32,"") -> 1667.7801 | G49: =SUM(D49:F49) -> 57346.194 | J49: NEW ALAMEIN METER OPEN | L49: ='DATA INPUT'!N22 -> 92535672 | N49: BBL | BI49: KHALDA_METER | BJ49: =REPORTDATE-1 -> 46298 | BM49: AG-65 GL | BN49: O | BP49: ='WELL DATA'!H37 -> 0.91404903
B50: PRODUCTION | G50: =IFERROR(IF((G49+G47-G46)<0,G48*-1,(G49+G47-G46)),0) -> 24177.712 | J50: NEW ALAMEIN METER CLOSE | L50: ='DATA INPUT'!N23 -> 92559031 | N50: BBL | BI50: KHALDA_METER | BJ50: =REPORTDATE-1 -> 46298 | BM50: AG-81 GL | BN50: O | BP50: ='WELL DATA'!H43 -> 0
B51: Temperature (°F) | D51: ='DATA INPUT'!E109 -> 88 | E51: ='DATA INPUT'!E117 -> 86 | F51: ='DATA INPUT'!E125 -> 69 | J51: GROSS TOTAL SHIPPED | L51: ='DATA INPUT'!N26 -> 23359 | N51: BBL | BI51: KHALDA_METER | BJ51: =REPORTDATE-1 -> 46298 | BM51: AG-86 GL | BN51: O | BP51: ='WELL DATA'!H46 -> 0
B52: API gravity (DEG) | D52: ='DATA INPUT'!E111 -> 35 | E52: ='DATA INPUT'!E119 -> 35.6 | F52: ='DATA INPUT'!E127 -> 37 | J52: BS&W READING | L52: ='DATA INPUT'!N27 -> 0.1 | N52: % | BI52: KHALDA_METER | BJ52: =REPORTDATE-1 -> 46298 | BM52: AG-90 GL | BN52: O | BP52: ='WELL DATA'!H49 -> 1.430716
B53: BS&W (%) | D53: ='DATA INPUT'!E112 -> 0 | E53: ='DATA INPUT'!E120 -> 0 | F53: ='DATA INPUT'!E128 -> 0 | J53: NET OIL SHIPPED | L53: ='DATA INPUT'!N28 -> 23335.641 | N53: BBL | BI53: KHALDA_METER | BJ53: =REPORTDATE-1 -> 46298 | BM53: AG-91 GL | BN53: O | BP53: ='WELL DATA'!H50 -> 0
B54: Salt (PTB) | D54: ='DATA INPUT'!E113 -> 0 | E54: ='DATA INPUT'!E121 -> 0 | F54: ='DATA INPUT'!E129 -> 0 | J54: NET WATER SHIPPED | L54: ='DATA INPUT'!N29 -> 23.359 | N54: BBL | BI54: KHALDA_METER | BJ54: =REPORTDATE-1 -> 46298 | BM54: AG-131 GL | BN54: O | BP54: ='WELL DATA'!H73 -> 0.97
B55: ITEM | D55: WD33-15 | E55: WD33-1 | F55: ALAMEIN REMAINING STOCK | J55: TOTAL AG LIQUIDS INVENTORY | BI55: KHALDA_METER | BJ55: =REPORTDATE-1 -> 46298 | BM55: NAG-01 GL | BN55: O | BP55: ='WELL DATA'!H112 -> 1.4
B56: Openning . Stock | D56: ='DATA INPUT'!F23 -> 1342 | E56: ='DATA INPUT'!F25 -> 159 | F56: =145000-G49 -> 87653.806 | J56: Oil Stock - Today | L56: =IFERROR(G38,"") -> 20772.837 | N56: BBL | BI56: KHALDA_METER | BJ56: =REPORTDATE-1 -> 46298 | BM56: NEAG-06 GL | BN56: O | BP56: =+'WELL DATA'!H91 -> 1.12
B57: Production | D57: ='DATA INPUT'!E22 -> 5913 | E57: ='DATA INPUT'!E26 -> 255 | J57: Oil Stock - Yesterday | L57: =G35 -> 20791.186 | N57: BBL | BI57: KHALDA_METER | BJ57: =REPORTDATE-1 -> 46298 | BM57: NEAG-01C GL | BN57: O | BP57: =+'WELL DATA'!H89 -> 0
B58: Net Pumped | D58: ='DATA INPUT'!E21 -> 5984 | E58: ='DATA INPUT'!E24 -> 255 | J58: STATUS | K58: WELLS | L58: STATUS | M58: WELLS | BI58: KHALDA_METER | BJ58: =REPORTDATE-1 -> 46298 | BM58: SPYGLASS-W01 GL | BN58: O | BP58: =+'WELL DATA'!H152 -> 0
B59: Closing Stock | D59: ='DATA INPUT'!E23 -> 1271 | E59: ='DATA INPUT'!E25 -> 159 | J59: NF | K59: =COUNTIF(WSTATUS,"NF") -> 11 | L59: GL | M59: =COUNTIF(WSTATUS,"G/L") -> 38 | BI59: KHALDA_METER | BJ59: =REPORTDATE-1 -> 46298 | BM59: Pacific-02-GL | BN59: O | BP59: =+'WELL DATA'!H140 -> 0
J60: ESP | K60: =COUNTIF(WSTATUS,"ESP") -> 17 | L60: WIW | M60: =COUNTIF(INJSTATUS,"INJ") -> 25 | BI60: KHALDA_METER | BJ60: =REPORTDATE-1 -> 46298 | BM60: PACIFIC-01 GL | BN60: O | BP60: =+'WELL DATA'!H139 -> 0
J61: SRP | K61: =COUNTIF(WSTATUS,"SRP") -> 16 | L61: WSW | M61: =COUNTIF(WSSTATUS,"WSW") -> 9 | BI61: KHALDA_METER | BJ61: =REPORTDATE-1 -> 46298 | BM61: AG-154 GL | BN61: O | BP61: ='WELL DATA'!H82 -> 0
J62: TOTAL WELLS | M62: =C26 -> 0 | BI62: KHALDA_METER | BJ62: =REPORTDATE-1 -> 46298 | BM62: AG-115H GL | BN62: O | BP62: =+'WELL DATA'!H62 -> 0.81409522
B63: DEFERRED PRODUCTION (DUE TO OPERATIONAL ACTIVITIES) | BI63: KHALDA_METER | BJ63: =REPORTDATE-1 -> 46298 | BM63: MEGHAR-08 GL | BN63: O | BP63: ='WELL DATA'!H102 -> 0
B64: WELL NAME | D64: DT | E64: REMARKS | O64: BBL. | BI64: KHALDA_METER | BJ64: =REPORTDATE-1 -> 46298 | BM64: MEGHAR-14 GL | BN64: O | BP64: ='WELL DATA'!H108 -> 0
B65: AG-(24, 64, 87), Rivera-02, Spyglass-01 | D65: 12 | E65: Scheduled Intermittent Production. [Back to production]. | O65: 15 | BI65: KHALDA_METER | BJ65: =REPORTDATE-1 -> 46298 | BM65: SHADOW-05 GL | BN65: O | BP65: ='WELL DATA'!H134 -> 0.85
B66: AG-(58, 68, 79), Firestone-01 | D66: 24 | E66: Scheduled Intermittent Production. [Still Down]. | O66: 0 | BI66: KHALDA_METER | BJ66: =REPORTDATE-1 -> 46298 | BM66: AKIK-NE-RAW | BN66: L | BO66: =N18 -> 195.07796
B67: Mahroussa-D01 | D67: 0 | E67: No oil truck received today compared with one truck (90 BO) yesterday | O67: -90 | BI67: KHALDA_METER | BJ67: =REPORTDATE-1 -> 46298 | BM67: RAFIKI-RAW | BN67: L | BO67: =N19 -> 123.04943
B68: WD09-B05-1, AG-351 | D68: 0 | E68: On Prod. 24 hrs. | O68: 43 | BI68: KHALDA_METER | BJ68: =REPORTDATE-1 -> 46298 | BM68: NWRZK-RAW | BN68: L | BO68: =N15 -> 105.04219
B69: AG-21, AG-31 | D69: 3 | E69: W.L Work | O69: -21 | BI69: KHALDA_METER | BJ69: =REPORTDATE-1 -> 46298 | BM69: NORTH RAS QATTARA-RAW | BN69: L | BO69: =N16 -> 490.27728
BI70: KHALDA_METER | BJ70: =REPORTDATE-1 -> 46298 | BM70: SHADOW-E02 GL | BN70: O | BP70: ='WELL DATA'!H127 -> 0
BI71: KHALDA_METER | BJ71: =REPORTDATE-1 -> 46298 | BM71: SWAG-03 GL | BN71: O | BP71: ='WELL DATA'!H142 -> 0
BI72: KHALDA_METER | BJ72: =REPORTDATE-1 -> 46298 | BM72: SWAG-05 GL | BN72: O | BP72: ='WELL DATA'!#REF! -> #REF!
BI73: KHALDA_METER | BJ73: =REPORTDATE-1 -> 46298 | BM73: Bolt-Nail-03-01 GL | BN73: O | BP73: =+'WELL DATA'!H86 -> 0
B74: AG Prod. Wells | D74: 0 | E74: Lines and wells performance: • NEAG EPF: Today shipped (1443 BO) compared with (1445 BO) yesterday. (-2 BO) • AG-115:Testing via Zero flare unit. Today pumped (531 BO) compared with (538 BO) yesterday. (-7BO) • Spyglass-02: Today pumped ( 108 BO) through MTU (Min. Sep. P.) same as yesterday. (0 BO) • Shadow-E08:Today pumped (166 BO) through fixed zero flare unit same as yesterday. (0 BO) • Bolt 12-02: Received today one truck (47 BO) compared with one oil truck yesterday (43 BO).(4 BO) • AG OP: drain (86 Bbls) VS yesterday drain (61 Bbls). (25 Bbls). | O74: =M6-(O65+O66+O67+O68+O69+O70+O71+O72+O73+O75+O76+O77+O78+O79+O80+O81+O82+O83) -> -147.47825 | BI74: KHALDA_METER | BJ74: =REPORTDATE-1 -> 46298 | BM74: SWAG-N02 GL | BN74: O | BP74: =+'WELL DATA'!H149 -> 1.07
B75: AG condensate | D75: 0 | E75: • AG-87:DT 12 hrs Scheduled Intermittent Production [Back To Production]. • Firestone-1X:DT 24 hrs Scheduled Intermittent Production [Still Down]. | O75: ='DATA INPUT'!E179 -> 3.823 | BI75: KHALDA_METER | BJ75: =REPORTDATE-1 -> 46298 | BM75: MEGHAR-16 GL | BN75: O | BP75: =+'WELL DATA'!H109 -> 0.83104457
B76: WD-33 | D76: 0 | E76: Tank dipping. | O76: =M10 -> 2 | BI76: KHALDA_METER | BJ76: =REPORTDATE-1 -> 46298 | BM76: SWAG-N05ST GL | BN76: O | BP76: =+'WELL DATA'!H110 -> 0
B77: WD-33-15 | D77: 0 | E77: Tank dipping. WD33-15-11:D/T 6 hrs due to Underload Alarm. (Same D/T as yesterday.)( 0 BO) | O77: =M11 -> 184 | BI77: KHALDA_METER | BJ77: =REPORTDATE-1 -> 46298 | BM77: SHADOW-06 GL | BN77: O | BP77: =+'WELL DATA'!H135 -> 0
B78: RZK | D78: 0 | E78: See RZK Report. | O78: =M14 -> 40 | BI78: KHALDA_METER | BJ78: =REPORTDATE-1 -> 46298 | BM78: SHADOW-E10 GL | BN78: O | BP78: =+'WELL DATA'!H132 -> 0.88784002
B79: NWRZK | D79: 0 | E79: See RZK Report. | O79: =M15 -> 0 | BI79: KHALDA_METER | BJ79: =REPORTDATE-1 -> 46298 | BM79: SWAG-N01 GL | BN79: O | BP79: =+'WELL DATA'!H148 -> 1.4670939
B80: NRQ | D80: 0 | E80: See RZK Report. | O80: =M16 -> -1 | BI80: KHALDA_METER | BJ80: =REPORTDATE-1 -> 46298 | BM80: WD33-15 | BN80: O | BP80: 0.072
B81: NERZK | D81: 0 | E81: See RZK Report. | O81: =M17 -> -1 | BI81: KHALDA_METER | BJ81: =REPORTDATE-1 -> 46298 | BM81: WD33-1 | BN81: O | BP81: 0.0229
B82: AKIK | D82: 0 | E82: See RZK Report. | O82: =M18 -> -1 | BI82: KHALDA_METER | BJ82: =REPORTDATE-1 -> 46298 | BM82: SHADOW-W02 GL | BN82: O | BP82: 1.494
B83: RAFIKI | D83: 0 | E83: See RZK Report. | O83: =M19 -> 0 | BI83: KHALDA_METER | BJ83: =REPORTDATE-1 -> 46298 | BM83: SHADOW-E09 GL | BN83: O | BP83: 1.25
B84: Total | O84: =M6 -> 26.344747 | BI84: KHALDA_METER | BJ84: =REPORTDATE-1 -> 46298 | BM84: SHADOW-W01 GL | BN84: O | BP84: 1.945
BI85: KHALDA_METER | BJ85: =REPORTDATE-1 -> 46298 | BM85: AG OIL FAC | BN85: O | BP85: 0.9
B86: Operations Comments | BI86: KHALDA_METER | BJ86: =REPORTDATE-1 -> 46298 | BM86: SHADOW-E04 GL | BN86: O | BP86: 1.5
BI87: KHALDA_METER | BJ87: =REPORTDATE-1 -> 46298 | BM87: SHADOW-E08 GL | BN87: O | BP87: 1.6
B88: AG Ambient temp. | D88: Max:82.4F @ 5:00 PM - Min:68F @5:30AM | BI88: KHALDA_METER | BJ88: =REPORTDATE-1 -> 46298 | BM88: NERZK A-RAW | BN88: L | BO88: =+N17 -> 123.04943
B89: Water Flood System | D89: • AG-119, EBED-A01, Redstone-01, WD33-15-7, WD33-08: Online 24 hrs. AG-99: D/T 4 hrs. due to GEN. PM. WD33-N01, SWAG-01, SWAG-02: D/T 2 hrs due to Gen. PM. Olympic-N1x: D/24 hrs. S/I the well till fix Olympic-03 Flowline. • WD33-15 WTU: Stopped as per sigma request since 21-9-2026 (poor water specs). • OAKHILL-01: S/I 24 hrs due to Reservoir Mangement. | BI89: KHALDA_METER | BJ89: =REPORTDATE-1 -> 46298 | BM89: NERZK A | BN89: L | BO89: =+AZ28 -> 123.04943
B90: Intermittent Flow Wells | D90: • Open the following wells AG-(24, 64, 87), Rivera-02, Spyglass-01. • SI the following wells AG-(58, 68, 79), Firestone-1 | BI90: KHALDA_METER | BJ90: =REPORTDATE-1 -> 46298 | BM90: WD30 A-01A GL | BN90: O | BP90: =+'WELL DATA'!H72 -> 0.75865217
B91: NEAG-12" TL | D91: • Prod. Team checked the FL, recorded P.11 pressure found 185 Psi at 09:00 AM and 180 psi at night. Plan to keep close monitoring the TL pressure to follow up the line performance. | BI91: KHALDA_METER | BJ91: =REPORTDATE-1 -> 46298 | BM91: AG-351 GL | BN91: O | BP91: =+'WELL DATA'!H85 -> 1.39
B92: Mahroussa-D01 | D92: • No oil truck received today from the well’s EPF. | BI92: KHALDA_METER | BJ92: =REPORTDATE-1 -> 46298 | BM92: AG-152 GL | BN92: O | BP92: =+'WELL DATA'!H81 -> 0
B93: Shadow-01 | D93: • Production crew found the panel screen show no data and the well running normally. • Ongoing troubleshooting by Lufkin crew.
B94: AG-02 | D94: • Checked the well found 1.36 G.I MMSCFD , Adjusted same to be 1.47 MMSCFD (Optimum).
B95: WD-33-15-11 | D95: • Valves team Replaced 2”1/16 5k CSG`s valve & Install well circulation loop.
B96: Olympic-03 | D96: • Checked the well found minor leakage from corroded flange on flow line. Plan to replace same.
B97: AG-123 | D97: • Lufkin crew checked the well and replaced the damaged stuffing box rubber packing and back to normal.
B98: AG-21 | D98: • RIH W/ 2.15” G.C, passed free to 10500 ft (TOS) , POOH & R/D all.
B99: AG-31 | D99: • RIH W/ 2.15” G.C, Passed free to 11737 ft (TOS) , POOH & R/D all.
B100: WD33-15-11 | D100: • Cont. testing the well on Freq 55 HZ showed avg liquid rate 3179 BFPD, while WC 81 %, PIP fluctuated F/ 500 psi T/ 545 psi, psi, and motor current fluctuated F/ 61 A T/ 65 A, • after that the well dropped due to underload alarm, ESP team started the pump on freq 50 HZ for 3hrs showed avg liquid rate 2080 BFPD, 83% WC, then increased pump freq gradually to 53 HZ but unfortunately the pump stopped due to underload alarm. • ESP team started -up the well after 2hrs on freq 55 HZ the well showed avg liquid rate 3289 BFPD, 83% WC while motor current fluctuated F/ 54 A T/61.5 A, after 5 hrs the well tripped due to underload alarm. • ESP team started -up the well after 2hrs on freq 55 HZ. • Plan to Cont testing the well for more Optimization.
...

Sheet WELL TESTS
B1: WELL TESTS | Y1: =REPDATE -> 46299 | AU1: =COUNTIF(DATATAG,"KHALDA_WELLTEST1") -> 7 | AW1: ="Ar4"&":"&"Bh"&COUNTIF(DATATAG,"<>0")+3 -> Ar4:Bh10
B2: TEST FACILITY | C2: WELL NAME | D2: ZONE | E2: STATUS | F2: CHOKE 64" | G2: WHP PSI | H2: WHT °F | I2: SEP PSI | J2: BFBD STB | K2: BS&W % | L2: BOPD STB | M2: GAS MMSCFD | N2: GAS LIFT MMSCFD | O2: GOR scf/bbl | P2: HRS ON TEST | Q2: DFL | R2: NLAP | S2: PIP | T2: FREQUENCY | U2: CSG PSI | V2: CSG STATUS | W2: CL, PPM | X2: COMMENTS | Z2: TYPE | AR2: RECORD | AS2: DATE | AT2: TEST SEQUENCE | AU2: WELL | AV2: HOURS | AW2: TYPE | AX2: BFPD | AY2: GAS | AZ2: CHOKE | BA2: WHP | BB2: WHT | BC2: SEP | BD2: DFL | BE2: NLAP | BF2: BSW | BG2: PIP | BH2: FREQUENCY | BI2: LIQ TYPE | BJ2: GAS LIFT | BK2: CL, PPM
L3: =IF(WELLNAME="","",(FLUIDTOTAL*(1-(WC/100)))) -> #VALUE! | O3: =IF(WELLNAME="","",IF(GAS=0,0,(GAS*1000000)/OIL)) -> #VALUE! | AR3: =IF(C3="",0,"KHALDA_WELLTEST2") -> 0 | AS3: =IF(AR3="","",REPORTDATE-1) -> 46298 | AU3: =UPPER(IF(AR3="","",$AQ$4&C3)) -> 9 | AV3: =IF(AR3="","",P3) -> 0 | AW3: =IF(AR3=0,0,1) -> 0 | AX3: =IF(AR3="","",J3) -> 0 | AY3: =IF(AR3="","",M3*1000) -> 0 | AZ3: =IF(AR3="","",F3) -> 0 | BA3: =IF(AR3="","",G3) -> 0 | BC3: =IF(AR3="","",I3) -> 0 | BD3: =IF(AR3="","",Q3) -> 0 | BE3: =IF(AR3="","",R3) -> 0 | BF3: =IF(AR3="","",K3) -> 0 | BI3: =IF(AR3=0,"",200) | BJ3: =N3 -> 0
C4: MAHROUSSA-A02 | D4: ARC | E4: G.W | F4: N/A | G4: 860 | H4: 188 | I4: 792 | J4: 170 | K4: 22 | L4: =IF(WELLNAME="","",(FLUIDTOTAL*(1-(WC/100)))) -> 132.6 | M4: 14.241 | N4: 0 | O4: =IF(WELLNAME="","",IF(GAS=0,0,(GAS*1000000)/OIL)) -> 107398.19 | P4: 5.5 | Q4: 0 | R4: 0 | U4: 0 / Closed | X4: BS&W F/ MTU & Lab H2S = 8 PPM, CO2 = 4 %, API= 47, M.F = 0.54 PICO-04 | AQ4: 9 | AR4: =IF(C4="",0,"KHALDA_WELLTEST1") -> KHALDA_WELLTEST1 | AS4: =IF(AR4="","",REPORTDATE-1) -> 46298 | AT4: =UPPER(IF(AR4="","",$AQ$4&C4)) -> 9MAHROUSSA-A02 | AU4: =UPPER(IF(AR4="","",$AQ$4&C4)) -> 9MAHROUSSA-A02 | AV4: =IF(AR4="","",P4) -> 5.5 | AW4: =IF(AR4=0,0,Z4) -> 0 | AX4: =IF(AR4="","",J4) -> 170 | AY4: =IF(AR4="","",M4*1000) -> 14241 | AZ4: =IF(AR4="","",F4) -> N/A | BA4: =IF(AR4="","",G4) -> 860 | BB4: =IF(AR4="","",H4) -> 188 | BC4: =IF(AR4="","",I4) -> 792 | BD4: =IF(AR4="","",Q4) -> 0 | BE4: =IF(AR4="","",R4) -> 0 | BF4: =IF(AR4="","",K4) -> 22 | BI4: =IF(AR4=0,"",200) -> 200 | BJ4: =N4 -> 0 | BK4: =IF(AR4="","",W4) -> 0
C5: AG-158 | D5: AR/G | E5: G.L | F5: No P.ch | G5: 220 | H5: 80 | I5: 210 | J5: 43 | K5: 20 | L5: =IF(WELLNAME="","",(FLUIDTOTAL*(1-(WC/100)))) -> 34.4 | M5: 0.034 | N5: 1.009 | O5: =IF(WELLNAME="","",IF(GAS=0,0,(GAS*1000000)/OIL)) -> 988.37209 | P5: 6 | Q5: 0 | R5: 0 | U5: 0 | X5: Flowing-PBU survey On GI 1 MMSCFD BS&W F/ Lab = 20 % & F/ MTU = 12 % M.F= 1, H2S = 1 PPM, CO2 = 4 %, API = 34 AL Mansoori-03 | AR5: =IF(C5="",0,"KHALDA_WELLTEST1") -> KHALDA_WELLTEST1 | AS5: =IF(AR5="","",REPORTDATE-1) -> 46298 | AT5: =UPPER(IF(AR5="","",$AQ$4&C5)) -> 9AG-158 | AU5: =UPPER(IF(AR5="","",$AQ$4&C5)) -> 9AG-158 | AV5: =IF(AR5="","",P5) -> 6 | AW5: =IF(AR5=0,0,Z5) -> 0 | AX5: =IF(AR5="","",J5) -> 43 | AY5: =IF(AR5="","",M5*1000) -> 34 | AZ5: =IF(AR5="","",F5) -> No P.ch | BA5: =IF(AR5="","",G5) -> 220 | BB5: =IF(AR5="","",H5) -> 80 | BC5: =IF(AR5="","",I5) -> 210 | BD5: =IF(AR5="","",Q5) -> 0 | BE5: =IF(AR5="","",R5) -> 0 | BF5: =IF(AR5="","",K5) -> 20 | BI5: =IF(AR5=0,"",200) -> 200 | BJ5: =N5 -> 1.009 | BK5: =IF(AR5="","",W5) -> 0
C6: MAHROUSSA-A01X | D6: ARC-BTM | E6: G.W | F6: F-Open | G6: 629 | H6: 174 | I6: 548 | J6: 131 | K6: 22 | L6: =IF(WELLNAME="","",(FLUIDTOTAL*(1-(WC/100)))) -> 102.18 | M6: 11.163 | N6: 0 | O6: =IF(WELLNAME="","",IF(GAS=0,0,(GAS*1000000)/OIL)) -> 109248.39 | P6: 8.5 | Q6: 0 | R6: 0 | U6: 0 Closed | X6: BS&W F/ MTU & Lab H2S = 10 PPM, CO2 = 4 %, API = 46 , M.F= 0.54 PICO-04 | AR6: =IF(C6="",0,"KHALDA_WELLTEST1") -> KHALDA_WELLTEST1 | AS6: =IF(AR6="","",REPORTDATE-1) -> 46298 | AT6: =UPPER(IF(AR6="","",$AQ$4&C6)) -> 9MAHROUSSA-A01X | AU6: =UPPER(IF(AR6="","",$AQ$4&C6)) -> 9MAHROUSSA-A01X | AV6: =IF(AR6="","",P6) -> 8.5 | AW6: =IF(AR6=0,0,Z6) -> 0 | AX6: =IF(AR6="","",J6) -> 131 | AY6: =IF(AR6="","",M6*1000) -> 11163 | AZ6: =IF(AR6="","",F6) -> F-Open | BA6: =IF(AR6="","",G6) -> 629 | BB6: =IF(AR6="","",H6) -> 174 | BC6: =IF(AR6="","",I6) -> 548 | BD6: =IF(AR6="","",Q6) -> 0 | BE6: =IF(AR6="","",R6) -> 0 | BF6: =IF(AR6="","",K6) -> 22 | BI6: =IF(AR6=0,"",200) -> 200 | BJ6: =N6 -> 0 | BK6: =IF(AR6="","",W6) -> 0
C7: SPYGLASS-02 | D7: ARG , E , C | E7: N.F | F7: 24/64 | G7: 80-120 | H7: 75 | I7: 3 | J7: 146 | K7: 25.7 | L7: =IF(WELLNAME="","",(FLUIDTOTAL*(1-(WC/100)))) -> 108.478 | M7: 0.389 | N7: 0 | O7: =IF(WELLNAME="","",IF(GAS=0,0,(GAS*1000000)/OIL)) -> 3585.9806 | P7: 24 | Q7: 0 | R7: 0 | U7: 0 | X7: (Min. press., Liq. T/ tank & gas flare) Choking back WHP via 2" globe vlv on MTU inlet. BS&W F/ MTU & Lab CO2 = 2 %, H2S=0 PPM, MF=1 , CL=53 KPPM Tanmia-09 | AR7: =IF(C7="",0,"KHALDA_WELLTEST1") -> KHALDA_WELLTEST1 | AS7: =IF(AR7="","",REPORTDATE-1) -> 46298 | AT7: =UPPER(IF(AR7="","",$AQ$4&C7)) -> 9SPYGLASS-02 | AU7: =UPPER(IF(AR7="","",$AQ$4&C7)) -> 9SPYGLASS-02 | AV7: =IF(AR7="","",P7) -> 24 | AW7: =IF(AR7=0,0,Z7) -> 0 | AX7: =IF(AR7="","",J7) -> 146 | AY7: =IF(AR7="","",M7*1000) -> 389 | AZ7: =IF(AR7="","",F7) -> 24/64 | BA7: =IF(AR7="","",G7) -> 80-120 | BB7: =IF(AR7="","",H7) -> 75 | BC7: =IF(AR7="","",I7) -> 3 | BD7: =IF(AR7="","",Q7) -> 0 | BE7: =IF(AR7="","",R7) -> 0 | BF7: =IF(AR7="","",K7) -> 25.7 | BI7: =IF(AR7=0,"",200) -> 200 | BJ7: =N7 -> 0 | BK7: =IF(AR7="","",W7) -> 0
C8: AG-115H | D8: ARD | E8: G.L | F8: N/A | G8: 50 | H8: 102 | I8: 30 | J8: 816 | K8: 34.1 | L8: =IF(WELLNAME="","",(FLUIDTOTAL*(1-(WC/100)))) -> 537.744 | M8: 0.895 | N8: 0.735 | O8: =IF(WELLNAME="","",IF(GAS=0,0,(GAS*1000000)/OIL)) -> 1664.3607 | P8: 24 | Q8: 0 | R8: 0 | U8: 0 | X8: (Min. press., Liq. T/ tank & gas partially T/ prod.) BS&W F/ MTU& lab. H2S= 5 PPM, CO2= 3 %, API= 37 , M.F= 1 "Gas to production line +/- 1.254 MMSCFD" Sigma ZFU | AR8: =IF(C8="",0,"KHALDA_WELLTEST1") -> KHALDA_WELLTEST1 | AS8: =IF(AR8="","",REPORTDATE-1) -> 46298 | AT8: =UPPER(IF(AR8="","",$AQ$4&C8)) -> 9AG-115H | AU8: =UPPER(IF(AR8="","",$AQ$4&C8)) -> 9AG-115H | AV8: =IF(AR8="","",P8) -> 24 | AW8: =IF(AR8=0,0,Z8) -> 0 | AX8: =IF(AR8="","",J8) -> 816 | AY8: =IF(AR8="","",M8*1000) -> 895 | AZ8: =IF(AR8="","",F8) -> N/A | BA8: =IF(AR8="","",G8) -> 50 | BB8: =IF(AR8="","",H8) -> 102 | BC8: =IF(AR8="","",I8) -> 30 | BD8: =IF(AR8="","",Q8) -> 0 | BE8: =IF(AR8="","",R8) -> 0 | BF8: =IF(AR8="","",K8) -> 34.1 | BI8: =IF(AR8=0,"",200) -> 200 | BJ8: =N8 -> 0.735 | BK8: =IF(AR8="","",W8) -> 0
C9: SHADOW-E08 | D9: ARE | E9: G.L | F9: Open | G9: 70 | H9: 100 | I9: 40 | J9: 234 | K9: 29 | L9: =IF(WELLNAME="","",(FLUIDTOTAL*(1-(WC/100)))) -> 166.14 | M9: 0.335 | N9: 1.2 | O9: =IF(WELLNAME="","",IF(GAS=0,0,(GAS*1000000)/OIL)) -> 2016.3717 | P9: 24 | Q9: 0 | R9: 0 | U9: 0 | X9: (Min. press., Liq. T/ tank & gas partially T/ prod.) IG = 1.2 MMSCFD BS&W F/ MTU & lab H2S= 3 PPM, CO2= 4 %, API=34, M.F=1 "Gas to production line +/- 1.477 MMSCFD" Sigma Fixed ZFU | AR9: =IF(C9="",0,"KHALDA_WELLTEST1") -> KHALDA_WELLTEST1 | AS9: =IF(AR9="","",REPORTDATE-1) -> 46298 | AT9: =UPPER(IF(AR9="","",$AQ$4&C9)) -> 9SHADOW-E08 | AU9: =UPPER(IF(AR9="","",$AQ$4&C9)) -> 9SHADOW-E08 | AV9: =IF(AR9="","",P9) -> 24 | AW9: =IF(AR9=0,0,Z9) -> 0 | AX9: =IF(AR9="","",J9) -> 234 | AY9: =IF(AR9="","",M9*1000) -> 335 | AZ9: =IF(AR9="","",F9) -> Open | BA9: =IF(AR9="","",G9) -> 70 | BB9: =IF(AR9="","",H9) -> 100 | BC9: =IF(AR9="","",I9) -> 40 | BD9: =IF(AR9="","",Q9) -> 0 | BE9: =IF(AR9="","",R9) -> 0 | BF9: =IF(AR9="","",K9) -> 29 | BI9: =IF(AR9=0,"",200) -> 200 | BJ9: =N9 -> 1.2 | BK9: =IF(AR9="","",W9) -> 0
C10: WD33-15-11 | D10: ARC | E10: ESP | F10: F.Open | G10: 175 | H10: 150 | I10: 120 | J10: 3289 | K10: 83 | L10: =IF(WELLNAME="","",(FLUIDTOTAL*(1-(WC/100)))) -> 559.13 | M10: 0 | N10: 0 | O10: =IF(WELLNAME="","",IF(GAS=0,0,(GAS*1000000)/OIL)) -> 0 | P10: 5 | Q10: 0 | R10: 521-525 | U10: 0 to flare. | X10: On Freq 55 HZ BS&W F/ MTU & lab API= 35, MF= 0.93 , CL= 68 KPPM, CO2= 3 %, H2S = 0 PPM AL Mansoori-04 | AR10: =IF(C10="",0,"KHALDA_WELLTEST1") -> KHALDA_WELLTEST1 | AS10: =IF(AR10="","",REPORTDATE-1) -> 46298 | AT10: =UPPER(IF(AR10="","",$AQ$4&C10)) -> 9WD33-15-11 | AU10: =UPPER(IF(AR10="","",$AQ$4&C10)) -> 9WD33-15-11 | AV10: =IF(AR10="","",P10) -> 5 | AW10: =IF(AR10=0,0,Z10) -> 0 | AX10: =IF(AR10="","",J10) -> 3289 | AY10: =IF(AR10="","",M10*1000) -> 0 | AZ10: =IF(AR10="","",F10) -> F.Open | BA10: =IF(AR10="","",G10) -> 175 | BB10: =IF(AR10="","",H10) -> 150 | BC10: =IF(AR10="","",I10) -> 120 | BD10: =IF(AR10="","",Q10) -> 0 | BE10: =IF(AR10="","",R10) -> 521-525 | BF10: =IF(AR10="","",K10) -> 83 | BI10: =IF(AR10=0,"",200) -> 200 | BJ10: =N10 -> 0 | BK10: =IF(AR10="","",W10) -> 0
L11: =IF(WELLNAME="","",(FLUIDTOTAL*(1-(WC/100)))) | O11: =IF(WELLNAME="","",IF(GAS=0,0,(GAS*1000000)/OIL)) | AR11: =IF(C11="",0,"KHALDA_WELLTEST1") -> 0 | AS11: =IF(AR11="","",REPORTDATE-1) -> 46298 | AT11: =UPPER(IF(AR11="","",$AQ$4&C11)) -> 9 | AU11: =UPPER(IF(AR11="","",$AQ$4&C11)) -> 9 | AV11: =IF(AR11="","",P11) -> 0 | AW11: =IF(AR11=0,0,Z11) -> 0 | AX11: =IF(AR11="","",J11) -> 0 | AY11: =IF(AR11="","",M11*1000) -> 0 | AZ11: =IF(AR11="","",F11) -> 0 | BA11: =IF(AR11="","",G11) -> 0 | BB11: =IF(AR11="","",H11) -> 0 | BC11: =IF(AR11="","",I11) -> 0 | BD11: =IF(AR11="","",Q11) -> 0 | BE11: =IF(AR11="","",R11) -> 0 | BF11: =IF(AR11="","",K11) -> 0 | BI11: =IF(AR11=0,"",200) | BJ11: =N11 -> 0 | BK11: =IF(AR11="","",W11) -> 0
L12: =IF(WELLNAME="","",(FLUIDTOTAL*(1-(WC/100)))) | O12: =IF(WELLNAME="","",IF(GAS=0,0,(GAS*1000000)/OIL)) | AR12: =IF(C12="",0,"KHALDA_WELLTEST1") -> 0 | AS12: =IF(AR12="","",REPORTDATE-1) -> 46298 | AT12: =UPPER(IF(AR12="","",$AQ$4&C12)) -> 9 | AU12: =UPPER(IF(AR12="","",$AQ$4&C12)) -> 9 | AV12: =IF(AR12="","",P12) -> 0 | AW12: =IF(AR12=0,0,Z12) -> 0 | AX12: =IF(AR12="","",J12) -> 0 | AY12: =IF(AR12="","",M12*1000) -> 0 | AZ12: =IF(AR12="","",F12) -> 0 | BA12: =IF(AR12="","",G12) -> 0 | BB12: =IF(AR12="","",H12) -> 0 | BC12: =IF(AR12="","",I12) -> 0 | BD12: =IF(AR12="","",Q12) -> 0 | BE12: =IF(AR12="","",R12) -> 0 | BF12: =IF(AR12="","",K12) -> 0 | BI12: =IF(AR12=0,"",200) | BJ12: =N12 -> 0 | BK12: =IF(AR12="","",W12) -> 0
L13: =IF(WELLNAME="","",(FLUIDTOTAL*(1-(WC/100)))) | O13: =IF(WELLNAME="","",IF(GAS=0,0,(GAS*1000000)/OIL)) | AR13: =IF(C13="",0,"KHALDA_WELLTEST1") -> 0 | AS13: =IF(AR13="","",REPORTDATE-1) -> 46298 | AT13: =UPPER(IF(AR13="","",$AQ$4&C13)) -> 9 | AU13: =UPPER(IF(AR13="","",$AQ$4&C13)) -> 9 | AV13: =IF(AR13="","",P13) -> 0 | AW13: =IF(AR13=0,0,Z13) -> 0 | AX13: =IF(AR13="","",J13) -> 0 | AY13: =IF(AR13="","",M13*1000) -> 0 | AZ13: =IF(AR13="","",F13) -> 0 | BA13: =IF(AR13="","",G13) -> 0 | BB13: =IF(AR13="","",H13) -> 0 | BC13: =IF(AR13="","",I13) -> 0 | BD13: =IF(AR13="","",Q13) -> 0 | BE13: =IF(AR13="","",R13) -> 0 | BF13: =IF(AR13="","",K13) -> 0 | BI13: =IF(AR13=0,"",200) | BJ13: =N13 -> 0 | BK13: =IF(AR13="","",W13) -> 0
L14: =IF(WELLNAME="","",(FLUIDTOTAL*(1-(WC/100)))) | O14: =IF(WELLNAME="","",IF(GAS=0,0,(GAS*1000000)/OIL)) | AR14: =IF(C14="",0,"KHALDA_WELLTEST1") -> 0 | AS14: =IF(AR14="","",REPORTDATE-1) -> 46298 | AT14: =UPPER(IF(AR14="","",$AQ$4&C14)) -> 9 | AU14: =UPPER(IF(AR14="","",$AQ$4&C14)) -> 9 | AV14: =IF(AR14="","",P14) -> 0 | AW14: =IF(AR14=0,0,Z14) -> 0 | AX14: =IF(AR14="","",J14) -> 0 | AY14: =IF(AR14="","",M14*1000) -> 0 | AZ14: =IF(AR14="","",F14) -> 0 | BA14: =IF(AR14="","",G14) -> 0 | BB14: =IF(AR14="","",H14) -> 0 | BC14: =IF(AR14="","",I14) -> 0 | BD14: =IF(AR14="","",Q14) -> 0 | BE14: =IF(AR14="","",R14) -> 0 | BF14: =IF(AR14="","",K14) -> 0 | BI14: =IF(AR14=0,"",200) | BJ14: =N14 -> 0 | BK14: =IF(AR14="","",W14) -> 0

Sheet WELL DATA
B1: WELL DATA - OIL WELLS | E1: =SUMIF(WSTATUS,"=SI",HOURS) -> 0 | I1: TEMPLATE MOD NEEDED | O1: =REPDATE -> 46299 | AD1: ='DATA INPUT'!E26/((SUMIF(FIELD,"WD33",EST_PROD))+(SUMIF(FIELD,"WD33 V",EST_PROD))) -> 0.22365527 | AE1: ='DATA INPUT'!E22/(SUMIF(FIELD,"WD33-15",EST_PROD)+SUMIF(FIELD,"WD33-C",EST_PROD)+SUMIF(FIELD,"WD-33K",EST_PROD)+SUMIF(FIELD,"WD33 H",EST_PROD)+SUMIF(FIELD,"WD33 j",EST_PROD)) -> 1.2142444 | AF1: =REPORT!L43/(SUM('WELL DATA'!AF5:AF165)+SUM(H5:H164)) -> 0.99496578 | AG1: =(REPORT!H39-REPORT!L9-'DATA INPUT'!E21-'DATA INPUT'!E24-AG86-'DATA INPUT'!E32)/(SUM(AG5:AG165)-AG86-AG87) -> 0.99777234 | AI1: Test is > 30 days old | DN1: NEED THESE PARAMETRES ADDING TO TEMPLATE
B2: WELL NAME | C2: ZONE | D2: STATUS | E2: =IF(E1>0,"CHECK HRS","HRS ONLINE") -> HRS ONLINE | F2: DEFER'd PROD STB | G2: DOWNTIME CAUSE Input will be blue if cause required | H2: LIFT GAS MMSCF/D | I2: CHOKE 64" | J2: WHFP PSI | K2: F/LINE PSI | L2: CASING PSI | M2: CASING STATUS | N2: FTHT °F | O2: LAST FLUID LEVELS | R2: PUMP DEPTH | S2: DAILY SAM DATA | V2: SUCKER ROD PUMP DATA | AA2: ESP TYPE | AE2: Hz | AF2: EST GAS PRODN | AG2: EST OIL PRODN | AH2: LAST WELL TEST | AN2: COMMENTS | CU2: FV TAG | CV2: DATE | CW2: WELL NAME | CX2: CHOKE 64" | CY2: WHFP PSI | CZ2: HRS ONLINE | DA2: STATUS | DC2: LIFT GAS MSCF/D | DD2: FTHT | DE2: DHP | DF2: SPM | DG2: SL | DH2: RPM | DI2: AMP 1 | DJ2: AMP 2 | DK2: AMP 3 | DL2: HZ | DM2: DAILY BS&W | DN2: DOWNTIME CAUSE | DO2: EST PROD | DP2: FIELD | EB2: FV TAG | EC2: DATE | ED2: WELL NAME | EE2: CHOKE 64" | EF2: WHFP PSI | EG2: HRS ONLINE | EH2: STATUS | EI2: CSG PSI | EJ2: CSG STAT | EK2: DOWNTIME CAUSE | EL2: DAILY BS&W | EM2: PUMP SIZE | EN2: DEFER PROD | EO2: FLINE PSI | EP2: PUMP UNIT SIZE | EQ2: SPM"Strock Per Minute" | ER2: DATE OF DOWNLOAD | ES2: SL"Strock Length" | ET2: AMP1 | EU2: AMP2 | EV2: AMP3 | EW2: RPM | EX2: HZ | EY2: PUMP TYPE | EZ2: RUNTIME % | FA2: INF PROD | FB2: PUMP FILLAGE% | FC2: PUMP FILL SET PT% | FD2: COMMENTS | FE2: FIELD
O3: DATE | P3: DFL | Q3: NLAP | S3: RUNTIME % | T3: INF PROD | U3: PUMP FILLAGE% | V3: PUMP INIT SIZE | W3: PUMP SIZE | X3: SL | Y3: SPM | Z3: DATE OF DONWLOAD | AD3: AMPS | AH3: DATE | AI3: BFPD | AJ3: BS&W % | AK3: MMSCFD | AL3: Salinity, PPM | AM3: BOPD | CT3: 9
E4: 0 | F4: =IF(OR(WSTATUS="T&A",DTCAUSE="PUMP OFF MODE",DTCAUSE="UNDER LOAD", DTCAUSE="NO RECOVERY - CEASE TO FLOW"),0,BOPD/24*(24-HOURS)) -> 0 | AF4: =AK4/24*D4 -> 0 | AG4: =AM4/24*E4 -> 0 | AM4: =IF(BFPD=0,0,BFPD*(1-BSW/100)) -> 0 | CU4: KHALDA_WELL1 | CV4: =REPORTDATE-1 -> 46298 | CW4: =$CT$3&B4 -> 9 | CX4: =I4 -> 0 | CY4: =J4 -> 0 | CZ4: =E4 -> 0 | DA4: =IF(CZ4=0,"SI",D4) -> SI | DC4: =H4*1000 -> 0 | DD4: =N4 -> 0 | DE4: =V4 -> 0 | DF4: =W4 -> 0 | DG4: =X4 -> 0 | DH4: =Z4 -> 0 | DI4: =AD4 -> 0 | DL4: =AE4 -> 0 | DM4: =AG4 -> 0 | DN4: =IF(G4="","",G4) | DO4: =AM4/24*HOURS -> 0 | DP4: =IF(OR(D4="SI",B4="",D4="T&A"),"",VLOOKUP(B4,WELL_FIELD,2))
B5: AG-02A | C5: ARD | D5: G/L | E5: 24 | F5: =IF(E5=0,0,((AI5*(1-(AJ5/100)))/24)*(24-HOURS)) -> 0 | H5: 1.43 | I5: NO P.CK | J5: 230 | K5: 230 | L5: 616 | AF5: =AK5/24*E5 -> 0.033 | AG5: =AM5/24*E5 -> 440.55 | AH5: 46296 | AI5: 445 | AJ5: 1 | AK5: 0.033 | AM5: =IF(BFPD=0,0,BFPD*(1-BSW/100)) -> 440.55 | CJ5: =+IF(D5="SI",0,AI5*AJ5/100) -> 4.45 | CU5: KHALDA_WELL1 | CV5: =REPORTDATE-1 -> 46298 | CW5: =$CT$3&B5 -> 9AG-02A | CX5: =I5 -> NO P.CK | CY5: =J5 -> 230 | CZ5: =E5 -> 24 | DA5: =IF(CZ5=0,"SI",D5) -> G/L | DC5: =E5*((H5*1000)/24) -> 1430 | DD5: =N5 -> 0 | DE5: =V5 -> 0 | DF5: =W5 -> 0 | DG5: =X5 -> 0 | DH5: =Z5 -> 0 | DI5: =AD5 -> 0 | DL5: =AE5 -> 0 | DM5: =AG5 -> 440.55 | DN5: =IF(G5="","",G5) | DO5: =AM5/24*HOURS -> 440.55 | DP5: =IF(OR(D5="SI",B5="",D5="T&A"),"",VLOOKUP(B5,WELL_FIELD,2)) -> SAG | EB5: =IF(B5="","","KHALDA_WELL") -> KHALDA_WELL | EC5: =REPORTDATE-1 -> 46298 | ED5: =B5 -> AG-02A | EE5: =I5 -> NO P.CK | EF5: =J5 -> 230 | EG5: =E5 -> 24 | EH5: =IF(CZ5=0,"SI",D5) -> G/L | EK5: =IF(G5="","",G5) | EL5: =AJ5 -> 1 | EM5: =W5 -> 0 | EQ5: =Y5 -> 0 | ER5: =Z5 -> 0 | ES5: =X5 -> 0 | ET5: =AD5 -> 0 | EX5: =AE5 -> 0 | EZ5: =S5 -> 0 | FA5: =T5 -> 0 | FB5: =U5 -> 0 | FD5: =AN5 -> 0
B6: AG-03 | C6: MULTIZONE | D6: NF | E6: 24 | F6: =IF(E6=0,0,((AI6*(1-(AJ6/100)))/24)*(24-HOURS)) -> 0 | I6: NO P.CK | J6: 145 | K6: 145 | L6: 0 | AF6: =AK6/24*E6 -> 0.365 | AG6: =AM6/24*E6 -> 0 | AH6: 45805 | AI6: 0 | AJ6: 0 | AK6: 0.365 | AM6: =IF(BFPD=0,0,BFPD*(1-BSW/100)) -> 0 | CJ6: =+IF(D6="SI",0,AI6*AJ6/100) -> 0 | CU6: KHALDA_WELL2 | CV6: =REPORTDATE-1 -> 46298 | CW6: =$CT$3&B6 -> 9AG-03 | CX6: =I6 -> NO P.CK | CY6: =J6 -> 145 | CZ6: =E6 -> 24 | DA6: =IF(CZ6=0,"SI",D6) -> NF | DC6: =E6*((H6*1000)/24) -> 0 | DD6: =N6 -> 0 | DE6: =V6 -> 0 | DF6: =W6 -> 0 | DG6: =X6 -> 0 | DH6: =Z6 -> 0 | DI6: =AD6 -> 0 | DL6: =AE6 -> 0 | DM6: =AG6 -> 0 | DN6: =IF(G6="","",G6) | DO6: =AM6/24*HOURS -> 0 | DP6: =IF(OR(D6="SI",B6="",D6="T&A"),"",VLOOKUP(B6,WELL_FIELD,2)) -> AG | EB6: =IF(B6="","","KHALDA_WELL") -> KHALDA_WELL | EC6: =REPORTDATE-1 -> 46298 | ED6: =B6 -> AG-03 | EE6: =I6 -> NO P.CK | EF6: =J6 -> 145 | EG6: =E6 -> 24 | EH6: =IF(CZ6=0,"SI",D6) -> NF | EK6: =IF(G6="","",G6) | EL6: =AJ6 -> 0 | EM6: =W6 -> 0 | EQ6: =Y6 -> 0 | ER6: =Z6 -> 0 | ES6: =X6 -> 0 | ET6: =AD6 -> 0 | EX6: =AE6 -> 0 | EZ6: =S6 -> 0 | FA6: =T6 -> 0 | FB6: =U6 -> 0 | FD6: =AN6 -> 0
B7: AG-10 | C7: BAH | D7: G/L | E7: 24 | F7: =IF(E7=0,0,((AI7*(1-(AJ7/100)))/24)*(24-HOURS)) -> 0 | H7: 1.09 | I7: NO P.CK | J7: 110 | K7: 110 | L7: 807 | AF7: =AK7/24*E7 -> 0.052 | AG7: =AM7/24*E7 -> 20.79 | AH7: 46249 | AI7: 21 | AJ7: 1 | AK7: 0.052 | AM7: =IF(BFPD=0,0,BFPD*(1-BSW/100)) -> 20.79 | CJ7: =+IF(D7="SI",0,AI7*AJ7/100) -> 0.21 | CU7: KHALDA_WELL3 | CV7: =REPORTDATE-1 -> 46298 | CW7: =$CT$3&B7 -> 9AG-10 | CX7: =I7 -> NO P.CK | CY7: =J7 -> 110 | CZ7: =E7 -> 24 | DA7: =IF(CZ7=0,"SI",D7) -> G/L | DC7: =E7*((H7*1000)/24) -> 1090 | DD7: =N7 -> 0 | DE7: =V7 -> 0 | DF7: =W7 -> 0 | DG7: =X7 -> 0 | DH7: =Z7 -> 0 | DI7: =AD7 -> 0 | DL7: =AE7 -> 0 | DM7: =AG7 -> 20.79 | DN7: =IF(G7="","",G7) | DO7: =AM7/24*HOURS -> 20.79 | DP7: =IF(OR(D7="SI",B7="",D7="T&A"),"",VLOOKUP(B7,WELL_FIELD,2)) -> AG | EB7: =IF(B7="","","KHALDA_WELL") -> KHALDA_WELL | EC7: =REPORTDATE-1 -> 46298 | ED7: =B7 -> AG-10 | EE7: =I7 -> NO P.CK | EF7: =J7 -> 110 | EG7: =E7 -> 24 | EH7: =IF(CZ7=0,"SI",D7) -> G/L | EK7: =IF(G7="","",G7) | EL7: =AJ7 -> 1 | EM7: =W7 -> 0 | EQ7: =Y7 -> 0 | ER7: =Z7 -> 0 | ES7: =X7 -> 0 | ET7: =AD7 -> 0 | EX7: =AE7 -> 0 | EZ7: =S7 -> 0 | FA7: =T7 -> 0 | FB7: =U7 -> 0 | FD7: =AN7 -> 0
B8: AG-12 | C8: BAH | D8: SI | E8: 0 | F8: =IF(E8=0,0,((AI8*(1-(AJ8/100)))/24)*(24-HOURS)) -> 0 | I8: NO P.CK | J8: 0 | K8: 0 | L8: 0 | AF8: =AK8/24*E8 -> 0 | AG8: =AM8/24*E8 -> 0 | AH8: 44049 | AI8: 0 | AK8: 0.185 | AM8: =IF(BFPD=0,0,BFPD*(1-BSW/100)) -> 0 | CJ8: =+IF(D8="SI",0,AI8*AJ8/100) -> 0 | CU8: KHALDA_WELL4 | CV8: =REPORTDATE-1 -> 46298 | CW8: =$CT$3&B8 -> 9AG-12 | CX8: =I8 -> NO P.CK | CY8: =J8 -> 0 | CZ8: =E8 -> 0 | DA8: =IF(CZ8=0,"SI",D8) -> SI | DC8: =E8*((H8*1000)/24) -> 0 | DD8: =N8 -> 0 | DE8: =V8 -> 0 | DF8: =W8 -> 0 | DG8: =X8 -> 0 | DH8: =Z8 -> 0 | DI8: =AD8 -> 0 | DL8: =AE8 -> 0 | DM8: =AG8 -> 0 | DN8: =IF(G8="","",G8) | DO8: =AM8/24*HOURS -> 0 | DP8: =IF(OR(D8="SI",B8="",D8="T&A"),"",VLOOKUP(B8,WELL_FIELD,2)) | EB8: =IF(B8="","","KHALDA_WELL") -> KHALDA_WELL | EC8: =REPORTDATE-1 -> 46298 | ED8: =B8 -> AG-12 | EE8: =I8 -> NO P.CK | EF8: =J8 -> 0 | EG8: =E8 -> 0 | EH8: =IF(CZ8=0,"SI",D8) -> SI | EK8: =IF(G8="","",G8) | EL8: =AJ8 -> 0 | EM8: =W8 -> 0 | EQ8: =Y8 -> 0 | ER8: =Z8 -> 0 | ES8: =X8 -> 0 | ET8: =AD8 -> 0 | EX8: =AE8 -> 0 | EZ8: =S8 -> 0 | FA8: =T8 -> 0 | FB8: =U8 -> 0 | FD8: =AN8 -> 0
B9: AG-13 | C9: ARE | D9: G/L | E9: 24 | F9: =IF(E9=0,0,((AI9*(1-(AJ9/100)))/24)*(24-HOURS)) -> 0 | H9: 0.95949584 | I9: NO P.CK | J9: 140 | K9: 140 | L9: 340 | AF9: =AK9/24*E9 -> 0.071 | AG9: =AM9/24*E9 -> 52.47 | AH9: 46253 | AI9: 53 | AJ9: 1 | AK9: 0.071 | AM9: =IF(BFPD=0,0,BFPD*(1-BSW/100)) -> 52.47 | CJ9: =+IF(D9="SI",0,AI9*AJ9/100) -> 0.53 | CU9: KHALDA_WELL5 | CV9: =REPORTDATE-1 -> 46298 | CW9: =$CT$3&B9 -> 9AG-13 | CX9: =I9 -> NO P.CK | CY9: =J9 -> 140 | CZ9: =E9 -> 24 | DA9: =IF(CZ9=0,"SI",D9) -> G/L | DC9: =E9*((H9*1000)/24) -> 959.49584 | DD9: =N9 -> 0 | DE9: =V9 -> 0 | DF9: =W9 -> 0 | DG9: =X9 -> 0 | DH9: =Z9 -> 0 | DI9: =AD9 -> 0 | DL9: =AE9 -> 0 | DM9: =AG9 -> 52.47 | DN9: =IF(G9="","",G9) | DO9: =AM9/24*HOURS -> 52.47 | DP9: =IF(OR(D9="SI",B9="",D9="T&A"),"",VLOOKUP(B9,WELL_FIELD,2)) -> AG | EB9: =IF(B9="","","KHALDA_WELL") -> KHALDA_WELL | EC9: =REPORTDATE-1 -> 46298 | ED9: =B9 -> AG-13 | EE9: =I9 -> NO P.CK | EF9: =J9 -> 140 | EG9: =E9 -> 24 | EH9: =IF(CZ9=0,"SI",D9) -> G/L | EK9: =IF(G9="","",G9) | EL9: =AJ9 -> 1 | EM9: =W9 -> 0 | EQ9: =Y9 -> 0 | ER9: =Z9 -> 0 | ES9: =X9 -> 0 | ET9: =AD9 -> 0 | EX9: =AE9 -> 0 | EZ9: =S9 -> 0 | FA9: =T9 -> 0 | FB9: =U9 -> 0 | FD9: =AN9 -> 0
B10: AG-14 | C10: ARE | D10: SI | E10: 0 | F10: =IF(E10=0,0,((AI10*(1-(AJ10/100)))/24)*(24-HOURS)) -> 0 | H10: 0 | I10: NO P.CK | J10: 0 | K10: 0 | L10: 0 | AF10: =AK10/24*E10 -> 0 | AG10: =AM10/24*E10 -> 0 | AH10: 42339 | AI10: 2.7 | AJ10: 15 | AK10: 0.009 | AM10: =IF(BFPD=0,0,BFPD*(1-BSW/100)) -> 2.295 | AN10: Circulation gas | CJ10: =+IF(D10="SI",0,AI10*AJ10/100) -> 0 | CU10: KHALDA_WELL6 | CV10: =REPORTDATE-1 -> 46298 | CW10: =$CT$3&B10 -> 9AG-14 | CX10: =I10 -> NO P.CK | CY10: =J10 -> 0 | CZ10: =E10 -> 0 | DA10: =IF(CZ10=0,"SI",D10) -> SI | DC10: =E10*((H10*1000)/24) -> 0 | DD10: =N10 -> 0 | DE10: =V10 -> 0 | DF10: =W10 -> 0 | DG10: =X10 -> 0 | DH10: =Z10 -> 0 | DI10: =AD10 -> 0 | DL10: =AE10 -> 0 | DM10: =AG10 -> 0 | DN10: =IF(G10="","",G10) | DO10: =AM10/24*HOURS -> 0 | DP10: =IF(OR(D10="SI",B10="",D10="T&A"),"",VLOOKUP(B10,WELL_FIELD,2)) | EB10: =IF(B10="","","KHALDA_WELL") -> KHALDA_WELL | EC10: =REPORTDATE-1 -> 46298 | ED10: =B10 -> AG-14 | EE10: =I10 -> NO P.CK | EF10: =J10 -> 0 | EG10: =E10 -> 0 | EH10: =IF(CZ10=0,"SI",D10) -> SI | EK10: =IF(G10="","",G10) | EL10: =AJ10 -> 15 | EM10: =W10 -> 0 | EQ10: =Y10 -> 0 | ER10: =Z10 -> 0 | ES10: =X10 -> 0 | ET10: =AD10 -> 0 | EX10: =AE10 -> 0 | EZ10: =S10 -> 0 | FA10: =T10 -> 0 | FB10: =U10 -> 0 | FD10: =AN10 -> Circulation gas
B11: AG-15 | C11: ARG/ARE | D11: SI | E11: 0 | F11: =IF(E11=0,0,((AI11*(1-(AJ11/100)))/24)*(24-HOURS)) -> 0 | H11: 0 | I11: NO P.CK | J11: 0 | K11: 0 | L11: 0 | AF11: =AK11/24*E11 -> 0 | AG11: =AM11/24*E11 -> 0 | AH11: 46209 | AI11: 0 | AK11: 0.286 | AM11: =IF(BFPD=0,0,BFPD*(1-BSW/100)) -> 0 | CJ11: =+IF(D11="SI",0,AI11*AJ11/100) -> 0 | CU11: KHALDA_WELL7 | CV11: =REPORTDATE-1 -> 46298 | CW11: =$CT$3&B11 -> 9AG-15 | CX11: =I11 -> NO P.CK | CY11: =J11 -> 0 | CZ11: =E11 -> 0 | DA11: =IF(CZ11=0,"SI",D11) -> SI | DC11: =E11*((H11*1000)/24) -> 0 | DD11: =N11 -> 0 | DE11: =V11 -> 0 | DF11: =W11 -> 0 | DG11: =X11 -> 0 | DH11: =Z11 -> 0 | DI11: =AD11 -> 0 | DL11: =AE11 -> 0 | DM11: =AG11 -> 0 | DN11: =IF(G11="","",G11) | DO11: =AM11/24*HOURS -> 0 | DP11: =IF(OR(D11="SI",B11="",D11="T&A"),"",VLOOKUP(B11,WELL_FIELD,2)) | EB11: =IF(B11="","","KHALDA_WELL") -> KHALDA_WELL | EC11: =REPORTDATE-1 -> 46298 | ED11: =B11 -> AG-15 | EE11: =I11 -> NO P.CK | EF11: =J11 -> 0 | EG11: =E11 -> 0 | EH11: =IF(CZ11=0,"SI",D11) -> SI | EK11: =IF(G11="","",G11) | EL11: =AJ11 -> 0 | EM11: =W11 -> 0 | EQ11: =Y11 -> 0 | ER11: =Z11 -> 0 | ES11: =X11 -> 0 | ET11: =AD11 -> 0 | EX11: =AE11 -> 0 | EZ11: =S11 -> 0 | FA11: =T11 -> 0 | FB11: =U11 -> 0 | FD11: =AN11 -> 0
B12: AG-16A | C12: MULTIZONE | D12: SI | E12: 0 | F12: =IF(E12=0,0,((AI12*(1-(AJ12/100)))/24)*(24-HOURS)) -> 0 | I12: OPEN | J12: 0 | K12: 0 | L12: 0 | AF12: =AK12/24*E12 -> 0 | AG12: =AM12/24*E12 -> 0 | AH12: 44871 | AI12: 64 | AJ12: 38 | AK12: 0 | AM12: =IF(BFPD=0,0,BFPD*(1-BSW/100)) -> 39.68 | CJ12: =+IF(D12="SI",0,AI12*AJ12/100) -> 0 | CU12: KHALDA_WELL8 | CV12: =REPORTDATE-1 -> 46298 | CW12: =$CT$3&B12 -> 9AG-16A | CX12: =I12 -> OPEN | CY12: =J12 -> 0 | CZ12: =E12 -> 0 | DA12: =IF(CZ12=0,"SI",D12) -> SI | DC12: =E12*((H12*1000)/24) -> 0 | DD12: =N12 -> 0 | DE12: =V12 -> 0 | DF12: =W12 -> 0 | DG12: =X12 -> 0 | DH12: =Z12 -> 0 | DI12: =AD12 -> 0 | DL12: =AE12 -> 0 | DM12: =AG12 -> 0 | DN12: =IF(G12="","",G12) | DO12: =AM12/24*HOURS -> 0 | DP12: =IF(OR(D12="SI",B12="",D12="T&A"),"",VLOOKUP(B12,WELL_FIELD,2)) | EB12: =IF(B12="","","KHALDA_WELL") -> KHALDA_WELL | EC12: =REPORTDATE-1 -> 46298 | ED12: =B12 -> AG-16A | EE12: =I12 -> OPEN | EF12: =J12 -> 0 | EG12: =E12 -> 0 | EH12: =IF(CZ12=0,"SI",D12) -> SI | EK12: =IF(G12="","",G12) | EL12: =AJ12 -> 38 | EM12: =W12 -> 0 | EQ12: =Y12 -> 0 | ER12: =Z12 -> 0 | ES12: =X12 -> 0 | ET12: =AD12 -> 0 | EX12: =AE12 -> 0 | EZ12: =S12 -> 0 | FA12: =T12 -> 0 | FB12: =U12 -> 0 | FD12: =AN12 -> 0
B13: AG-21 | C13: MULTIZONE | D13: G/L | E13: 21 | F13: =IF(E13=0,0,((AI13*(1-(AJ13/100)))/24)*(24-HOURS)) -> 5.6925 | G13: Wireline Intervention - Gauging | H13: 0.75 | I13: NO P.CK | J13: 70 | K13: 70 | L13: 504 | AF13: =AK13/24*E13 -> 0.032375 | AG13: =AM13/24*E13 -> 39.8475 | AH13: 46170 | AI13: 46 | AJ13: 1 | AK13: 0.037 | AM13: =IF(BFPD=0,0,BFPD*(1-BSW/100)) -> 45.54 | CJ13: =+IF(D13="SI",0,AI13*AJ13/100) -> 0.46 | CU13: KHALDA_WELL9 | CV13: =REPORTDATE-1 -> 46298 | CW13: =$CT$3&B13 -> 9AG-21 | CX13: =I13 -> NO P.CK | CY13: =J13 -> 70 | CZ13: =E13 -> 21 | DA13: =IF(CZ13=0,"SI",D13) -> G/L | DC13: =E13*((H13*1000)/24) -> 656.25 | DD13: =N13 -> 0 | DE13: =V13 -> 0 | DF13: =W13 -> 0 | DG13: =X13 -> 0 | DH13: =Z13 -> 0 | DI13: =AD13 -> 0 | DL13: =AE13 -> 0 | DM13: =AG13 -> 39.8475 | DN13: =IF(G83="","",G83) | DO13: =AM13/24*HOURS -> 39.8475 | DP13: =IF(OR(D13="SI",B13="",D13="T&A"),"",VLOOKUP(B13,WELL_FIELD,2)) -> AG | EB13: =IF(B13="","","KHALDA_WELL") -> KHALDA_WELL | EC13: =REPORTDATE-1 -> 46298 | ED13: =B13 -> AG-21 | EE13: =I13 -> NO P.CK | EF13: =J13 -> 70 | EG13: =E13 -> 21 | EH13: =IF(CZ13=0,"SI",D13) -> G/L | EK13: =IF(G13="","",G13) -> Wireline Intervention - Gauging | EL13: =AJ13 -> 1 | EM13: =W13 -> 0 | EQ13: =Y13 -> 0 | ER13: =Z13 -> 0 | ES13: =X13 -> 0 | ET13: =AD13 -> 0 | EX13: =AE13 -> 0 | EZ13: =S13 -> 0 | FA13: =T13 -> 0 | FB13: =U13 -> 0 | FD13: =AN13 -> 0
B14: AG-22 | C14: MULTIZONE | D14: SI | E14: 0 | F14: =IF(E14=0,0,((AI14*(1-(AJ14/100)))/24)*(24-HOURS)) -> 0 | I14: 38 | J14: 710 | K14: 170 | L14: 0 | AF14: =AK14/24*E14 -> 0 | AG14: =AM14/24*E14 -> 0 | AH14: 44720 | AI14: 224 | AJ14: 99 | AK14: 1.824 | AM14: =IF(BFPD=0,0,BFPD*(1-BSW/100)) -> 2.24 | CJ14: =+IF(D14="SI",0,AI14*AJ14/100) -> 0 | CU14: KHALDA_WELL9 | CV14: =REPORTDATE-1 -> 46298 | CW14: =$CT$3&B14 -> 9AG-22 | CX14: =I14 -> 38 | CY14: =J14 -> 710 | CZ14: =E14 -> 0 | DA14: =IF(CZ14=0,"SI",D14) -> SI | DC14: =E14*((H14*1000)/24) -> 0 | DD14: =N14 -> 0 | DE14: =V14 -> 0 | DF14: =W14 -> 0 | DG14: =X14 -> 0 | DH14: =Z14 -> 0 | DI14: =AD14 -> 0 | DL14: =AE14 -> 0 | DM14: =AG14 -> 0 | DN14: =IF(G86="","",G86) | DO14: =AM14/24*HOURS -> 0 | DP14: =IF(OR(D14="SI",B14="",D14="T&A"),"",VLOOKUP(B14,WELL_FIELD,2)) | EB14: =IF(B14="","","KHALDA_WELL") -> KHALDA_WELL | EC14: =REPORTDATE-1 -> 46298 | ED14: =B14 -> AG-22 | EE14: =I14 -> 38 | EF14: =J14 -> 710 | EG14: =E14 -> 0 | EH14: =IF(CZ14=0,"SI",D14) -> SI | EK14: =IF(G14="","",G14) | EL14: =AJ14 -> 99 | EM14: =W14 -> 0 | EQ14: =Y14 -> 0 | ER14: =Z14 -> 0 | ES14: =X14 -> 0 | ET14: =AD14 -> 0 | EX14: =AE14 -> 0 | EZ14: =S14 -> 0 | FA14: =T14 -> 0 | FB14: =U14 -> 0 | FD14: =AN14 -> 0
B15: AG-24 | C15: ARD | D15: NF | E15: 12 | F15: =IF(E15=0,0,((AI15*(1-(AJ15/100)))/24)*(24-HOURS)) -> 0 | G15: Low Reservoir Pressure/Depleted | I15: NO P.CK | J15: 130 | K15: 130 | L15: 0 | AF15: =AK15/24*E15 -> 0.06 | AG15: =AM15/24*E15 -> 0 | AH15: 43779 | AI15: 0 | AJ15: 0 | AK15: 0.12 | AM15: =IF(BFPD=0,0,BFPD*(1-BSW/100)) -> 0 | CJ15: =+IF(D15="SI",0,AI15*AJ15/100) -> 0 | CU15: KHALDA_WELL10 | CV15: =REPORTDATE-1 -> 46298 | CW15: =$CT$3&B15 -> 9AG-24 | CX15: =I15 -> NO P.CK | CY15: =J15 -> 130 | CZ15: =E15 -> 12 | DA15: =IF(CZ15=0,"SI",D15) -> NF | DC15: =E15*((H15*1000)/24) -> 0 | DD15: =N15 -> 0 | DE15: =V15 -> 0 | DF15: =W15 -> 0 | DG15: =X15 -> 0 | DH15: =Z15 -> 0 | DI15: =AD15 -> 0 | DL15: =AE15 -> 0 | DM15: =AG15 -> 0 | DN15: =IF(G87="","",G87) | DO15: =AM15/24*HOURS -> 0 | DP15: =IF(OR(D15="SI",B15="",D15="T&A"),"",VLOOKUP(B15,WELL_FIELD,2)) -> AG | EB15: =IF(B15="","","KHALDA_WELL") -> KHALDA_WELL | EC15: =REPORTDATE-1 -> 46298 | ED15: =B15 -> AG-24 | EE15: =I15 -> NO P.CK | EF15: =J15 -> 130 | EG15: =E15 -> 12 | EH15: =IF(CZ15=0,"SI",D15) -> NF | EK15: =IF(G15="","",G15) -> Low Reservoir Pressure/Depleted | EL15: =AJ15 -> 0 | EM15: =W15 -> 0 | EQ15: =Y15 -> 0 | ER15: =Z15 -> 0 | ES15: =X15 -> 0 | ET15: =AD15 -> 0 | EX15: =AE15 -> 0 | EZ15: =S15 -> 0 | FA15: =T15 -> 0 | FB15: =U15 -> 0 | FD15: =AN15 -> 0
B16: AG-25ST1 | C16: MULTIZONE | D16: SI | E16: 0 | F16: =IF(E16=0,0,((AI16*(1-(AJ16/100)))/24)*(24-HOURS)) -> 0 | H16: 0 | I16: NO P.CK | J16: 0 | K16: 0 | L16: 0 | AC16: 50 | AF16: =AK16/24*E16 -> 0 | AG16: =AM16/24*E16 -> 0 | AH16: 43314 | AI16: 21 | AJ16: 0.4 | AK16: 0 | AM16: =IF(BFPD=0,0,BFPD*(1-BSW/100)) -> 20.916 | AN16: The well is SI due to low production & gas lift optimization | CJ16: =+IF(D16="SI",0,AI16*AJ16/100) -> 0 | CU16: KHALDA_WELL11 | CV16: =REPORTDATE-1 -> 46298 | CW16: =$CT$3&B16 -> 9AG-25ST1 | CX16: =I16 -> NO P.CK | CY16: =J16 -> 0 | CZ16: =E16 -> 0 | DA16: =IF(CZ16=0,"SI",D16) -> SI | DC16: =E16*((H16*1000)/24) -> 0 | DD16: =N16 -> 0 | DE16: =V16 -> 0 | DF16: =W16 -> 0 | DG16: =X16 -> 0 | DH16: =Z16 -> 0 | DI16: =AD16 -> 0 | DL16: =AE16 -> 0 | DM16: =AG16 -> 0 | DN16: =IF(G88="","",G88) | DO16: =AM16/24*HOURS -> 0 | DP16: =IF(OR(D16="SI",B16="",D16="T&A"),"",VLOOKUP(B16,WELL_FIELD,2)) | EB16: =IF(B16="","","KHALDA_WELL") -> KHALDA_WELL | EC16: =REPORTDATE-1 -> 46298 | ED16: =B16 -> AG-25ST1 | EE16: =I16 -> NO P.CK | EF16: =J16 -> 0 | EG16: =E16 -> 0 | EH16: =IF(CZ16=0,"SI",D16) -> SI | EK16: =IF(G16="","",G16) | EL16: =AJ16 -> 0.4 | EM16: =W16 -> 0 | EQ16: =Y16 -> 0 | ER16: =Z16 -> 0 | ES16: =X16 -> 0 | ET16: =AD16 -> 0 | EX16: =AE16 -> 0 | EZ16: =S16 -> 0 | FA16: =T16 -> 0 | FB16: =U16 -> 0 | FD16: =AN16 -> The well is SI due to low production & gas lift optimization
B17: AG-27ST2 | C17: BAH | D17: SI | E17: 0 | F17: =IF(E17=0,0,((AI17*(1-(AJ17/100)))/24)*(24-HOURS)) -> 0 | I17: NO P.CK | J17: 0 | K17: 0 | L17: 0 | AF17: =AK17/24*E17 -> 0 | AG17: =AM17/24*E17 -> 0 | AH17: 45364 | AI17: 32 | AJ17: 66 | AK17: 2.6 | AM17: =IF(BFPD=0,0,BFPD*(1-BSW/100)) -> 10.88 | CJ17: =+IF(D17="SI",0,AI17*AJ17/100) -> 0 | CU17: KHALDA_WELL12 | CV17: =REPORTDATE-1 -> 46298 | CW17: =$CT$3&B17 -> 9AG-27ST2 | CX17: =I17 -> NO P.CK | CY17: =J17 -> 0 | CZ17: =E17 -> 0 | DA17: =IF(CZ17=0,"SI",D17) -> SI | DC17: =E17*((H17*1000)/24) -> 0 | DD17: =N17 -> 0 | DE17: =V17 -> 0 | DF17: =W17 -> 0 | DG17: =X17 -> 0 | DH17: =Z17 -> 0 | DI17: =AD17 -> 0 | DL17: =AE17 -> 0 | DM17: =AG17 -> 0 | DN17: =IF(G17="","",G17) | DO17: =AM17/24*HOURS -> 0 | DP17: =IF(OR(D17="SI",B17="",D17="T&A"),"",VLOOKUP(B17,WELL_FIELD,2)) | EB17: =IF(B17="","","KHALDA_WELL") -> KHALDA_WELL | EC17: =REPORTDATE-1 -> 46298 | ED17: =B17 -> AG-27ST2 | EE17: =I17 -> NO P.CK | EF17: =J17 -> 0 | EG17: =E17 -> 0 | EH17: =IF(CZ17=0,"SI",D17) -> SI | EK17: =IF(G17="","",G17) | EL17: =AJ17 -> 66 | EM17: =W17 -> 0 | EQ17: =Y17 -> 0 | ER17: =Z17 -> 0 | ES17: =X17 -> 0 | ET17: =AD17 -> 0 | EX17: =AE17 -> 0 | EZ17: =S17 -> 0 | FA17: =T17 -> 0 | FB17: =U17 -> 0 | FD17: =AN17 -> 0
B18: AG-28 | C18: ARC | D18: SI | E18: 0 | F18: =IF(E18=0,0,((AI18*(1-(AJ18/100)))/24)*(24-HOURS)) -> 0 | H18: 0 | I18: NO P.CK | J18: 0 | K18: 0 | L18: 0 | AC18: 50 | AF18: =AK18/24*E18 -> 0 | AG18: =AM18/24*E18 -> 0 | AH18: 43310 | AI18: 113 | AJ18: 94 | AK18: 0 | AM18: =IF(BFPD=0,0,BFPD*(1-BSW/100)) -> 6.78 | AN18: The well is SI due to low production & gas lift optimization | CJ18: =+IF(D18="SI",0,AI18*AJ18/100) -> 0 | CU18: KHALDA_WELL13 | CV18: =REPORTDATE-1 -> 46298 | CW18: =$CT$3&B18 -> 9AG-28 | CX18: =I18 -> NO P.CK | CY18: =J18 -> 0 | CZ18: =E18 -> 0 | DA18: =IF(CZ18=0,"SI",D18) -> SI | DC18: =E18*((H18*1000)/24) -> 0 | DD18: =N18 -> 0 | DE18: =V18 -> 0 | DF18: =W18 -> 0 | DG18: =X18 -> 0 | DH18: =Z18 -> 0 | DI18: =AD18 -> 0 | DL18: =AE18 -> 0 | DM18: =AG18 -> 0 | DN18: =IF(G18="","",G18) | DO18: =AM18/24*HOURS -> 0 | DP18: =IF(OR(D18="SI",B18="",D18="T&A"),"",VLOOKUP(B18,WELL_FIELD,2)) | EB18: =IF(B18="","","KHALDA_WELL") -> KHALDA_WELL | EC18: =REPORTDATE-1 -> 46298 | ED18: =B18 -> AG-28 | EE18: =I18 -> NO P.CK | EF18: =J18 -> 0 | EG18: =E18 -> 0 | EH18: =IF(CZ18=0,"SI",D18) -> SI | EK18: =IF(G18="","",G18) | EL18: =AJ18 -> 94 | EM18: =W18 -> 0 | EQ18: =Y18 -> 0 | ER18: =Z18 -> 0 | ES18: =X18 -> 0 | ET18: =AD18 -> 0 | EX18: =AE18 -> 0 | EZ18: =S18 -> 0 | FA18: =T18 -> 0 | FB18: =U18 -> 0 | FD18: =AN18 -> The well is SI due to low production & gas lift optimization
B19: AG-29A | C19: ARC | D19: ESP | E19: 24 | F19: =IF(E19=0,0,((AI19*(1-(AJ19/100)))/24)*(24-HOURS)) -> 0 | I19: NO P.CK | J19: 110 | K19: 70 | L19: 0 | AA19: FLEX-10 | AD19: 30.6 | AE19: 52 | AF19: =AK19/24*E19 -> 0 | AG19: =AM19/24*E19 -> 108 | AH19: 46294 | AI19: 360 | AJ19: 70 | AK19: 0 | AL19: 51000 | AM19: =IF(BFPD=0,0,BFPD*(1-BSW/100)) -> 108 | CJ19: =+IF(D19="SI",0,AI19*AJ19/100) -> 252 | CU19: KHALDA_WELL14 | CV19: =REPORTDATE-1 -> 46298 | CW19: =$CT$3&B19 -> 9AG-29A | CX19: =I19 -> NO P.CK | CY19: =J19 -> 110 | CZ19: =E19 -> 24 | DA19: =IF(CZ19=0,"SI",D19) -> ESP | DC19: =E19*((H19*1000)/24) -> 0 | DD19: =N19 -> 0 | DE19: =V19 -> 0 | DF19: =W19 -> 0 | DG19: =X19 -> 0 | DH19: =Z19 -> 0 | DI19: =AD19 -> 30.6 | DL19: =AE19 -> 52 | DM19: =AG19 -> 108 | DN19: =IF(G19="","",G19) | DO19: =AM19/24*HOURS -> 108 | DP19: =IF(OR(D19="SI",B19="",D19="T&A"),"",VLOOKUP(B19,WELL_FIELD,2)) -> AG | EB19: =IF(B19="","","KHALDA_WELL") -> KHALDA_WELL | EC19: =REPORTDATE-1 -> 46298 | ED19: =B19 -> AG-29A | EE19: =I19 -> NO P.CK | EF19: =J19 -> 110 | EG19: =E19 -> 24 | EH19: =IF(CZ19=0,"SI",D19) -> ESP | EK19: =IF(G19="","",G19) | EL19: =AJ19 -> 70 | EM19: =W19 -> 0 | EQ19: =Y19 -> 0 | ER19: =Z19 -> 0 | ES19: =X19 -> 0 | ET19: =AD19 -> 30.6 | EX19: =AE19 -> 52 | EZ19: =S19 -> 0 | FA19: =T19 -> 0 | FB19: =U19 -> 0 | FD19: =AN19 -> 0
B20: AG-31 | C20: ARC | D20: G/L | E20: 21 | F20: =IF(E20=0,0,((AI20*(1-(AJ20/100)))/24)*(24-HOURS)) -> 15.345 | G20: Wireline Intervention - Gauging | H20: 1.12 | I20: NO P.CK | J20: 70 | K20: 70 | L20: 570 | AF20: =AK20/24*E20 -> 0.1855 | AG20: =AM20/24*E20 -> 107.415 | AH20: 46274 | AI20: 124 | AJ20: 1 | AK20: 0.212 | AM20: =IF(BFPD=0,0,BFPD*(1-BSW/100)) -> 122.76 | CJ20: =+IF(D20="SI",0,AI20*AJ20/100) -> 1.24 | CU20: KHALDA_WELL15 | CV20: =REPORTDATE-1 -> 46298 | CW20: =$CT$3&B20 -> 9AG-31 | CX20: =I20 -> NO P.CK | CY20: =J20 -> 70 | CZ20: =E20 -> 21 | DA20: =IF(CZ20=0,"SI",D20) -> G/L | DC20: =E20*((H20*1000)/24) -> 980 | DD20: =N20 -> 0 | DE20: =V20 -> 0 | DF20: =W20 -> 0 | DG20: =X20 -> 0 | DH20: =Z20 -> 0 | DI20: =AD20 -> 0 | DL20: =AE20 -> 0 | DM20: =AG20 -> 107.415 | DN20: =IF(G20="","",G20) -> Wireline Intervention - Gauging | DO20: =AM20/24*HOURS -> 107.415 | DP20: =IF(OR(D20="SI",B20="",D20="T&A"),"",VLOOKUP(B20,WELL_FIELD,2)) -> AG | EB20: =IF(B20="","","KHALDA_WELL") -> KHALDA_WELL | EC20: =REPORTDATE-1 -> 46298 | ED20: =B20 -> AG-31 | EE20: =I20 -> NO P.CK | EF20: =J20 -> 70 | EG20: =E20 -> 21 | EH20: =IF(CZ20=0,"SI",D20) -> G/L | EK20: =IF(G20="","",G20) -> Wireline Intervention - Gauging | EL20: =AJ20 -> 1 | EM20: =W20 -> 0 | EQ20: =Y20 -> 0 | ER20: =Z20 -> 0 | ES20: =X20 -> 0 | ET20: =AD20 -> 0 | EX20: =AE20 -> 0 | EZ20: =S20 -> 0 | FA20: =T20 -> 0 | FB20: =U20 -> 0 | FD20: =AN20 -> 0
B21: AG-34B | C21: MULTIZONE | D21: SI | E21: 0 | F21: =IF(E21=0,0,((AI21*(1-(AJ21/100)))/24)*(24-HOURS)) -> 0 | H21: 0 | I21: NO P.CK | J21: 0 | K21: 0 | L21: 0 | AF21: =AK21/24*E21 -> 0 | AG21: =AM21/24*E21 -> 0 | AH21: 44967 | AI21: 22 | AJ21: 0.5 | AK21: 0.7 | AM21: =IF(BFPD=0,0,BFPD*(1-BSW/100)) -> 21.89 | CU21: KHALDA_WELL16 | CV21: =REPORTDATE-1 -> 46298 | CW21: =$CT$3&B21 -> 9AG-34B | CX21: =I21 -> NO P.CK | CY21: =J21 -> 0 | CZ21: =E21 -> 0 | DA21: =IF(CZ21=0,"SI",D21) -> SI | DC21: =E21*((H21*1000)/24) -> 0 | DD21: =N21 -> 0 | DE21: =V21 -> 0 | DF21: =W21 -> 0 | DG21: =X21 -> 0 | DH21: =Z21 -> 0 | DI21: =AD21 -> 0 | DL21: =AE21 -> 0 | DM21: =AG21 -> 0 | DN21: =IF(G21="","",G21) | DO21: =AM21/24*HOURS -> 0 | DP21: =IF(OR(D21="SI",B21="",D21="T&A"),"",VLOOKUP(B21,WELL_FIELD,2)) | EB21: =IF(B21="","","KHALDA_WELL") -> KHALDA_WELL | EC21: =REPORTDATE-1 -> 46298 | ED21: =B21 -> AG-34B | EE21: =I21 -> NO P.CK | EF21: =J21 -> 0 | EG21: =E21 -> 0 | EH21: =IF(CZ21=0,"SI",D21) -> SI | EK21: =IF(G21="","",G21) | EL21: =AJ21 -> 0.5 | EM21: =W21 -> 0 | EQ21: =Y21 -> 0 | ER21: =Z21 -> 0 | ES21: =X21 -> 0 | ET21: =AD21 -> 0 | EX21: =AE21 -> 0 | EZ21: =S21 -> 0 | FA21: =T21 -> 0 | FB21: =U21 -> 0 | FD21: =AN21 -> 0
B22: AG-41ST1 | C22: ARC | D22: SI | E22: 0 | F22: =IF(E22=0,0,((AI22*(1-(AJ22/100)))/24)*(24-HOURS)) -> 0 | I22: OPEN | J22: 130 | K22: 120 | L22: 0 | AF22: =AK22/24*E22 -> 0 | AG22: =AM22/24*E22 -> 0 | AH22: 44624 | AI22: 35 | AJ22: 80.1 | AK22: 1.476 | AM22: =IF(BFPD=0,0,BFPD*(1-BSW/100)) -> 6.965 | CJ22: =+IF(D22="SI",0,AI22*AJ22/100) -> 0 | CU22: KHALDA_WELL16 | CV22: =REPORTDATE-1 -> 46298 | CW22: =$CT$3&B22 -> 9AG-41ST1 | CX22: =I22 -> OPEN | CY22: =J22 -> 130 | CZ22: =E22 -> 0 | DA22: =IF(CZ22=0,"SI",D22) -> SI | DC22: =E22*((H22*1000)/24) -> 0 | DD22: =N22 -> 0 | DE22: =V22 -> 0 | DF22: =W22 -> 0 | DG22: =X22 -> 0 | DH22: =Z22 -> 0 | DI22: =AD22 -> 0 | DL22: =AE22 -> 0 | DM22: =AG22 -> 0 | DN22: =IF(G22="","",G22) | DO22: =AM22/24*HOURS -> 0 | DP22: =IF(OR(D22="SI",B22="",D22="T&A"),"",VLOOKUP(B22,WELL_FIELD,2)) | EB22: =IF(B22="","","KHALDA_WELL") -> KHALDA_WELL | EC22: =REPORTDATE-1 -> 46298 | ED22: =B22 -> AG-41ST1 | EE22: =I22 -> OPEN | EF22: =J22 -> 130 | EG22: =E22 -> 0 | EH22: =IF(CZ22=0,"SI",D22) -> SI | EK22: =IF(G22="","",G22) | EL22: =AJ22 -> 80.1 | EM22: =W22 -> 0 | EQ22: =Y22 -> 0 | ER22: =Z22 -> 0 | ES22: =X22 -> 0 | ET22: =AD22 -> 0 | EX22: =AE22 -> 0 | EZ22: =S22 -> 0 | FA22: =T22 -> 0 | FB22: =U22 -> 0 | FD22: =AN22 -> 0
B23: AG-42ST1 | C23: MULTIZONE | D23: G/L | E23: 24 | F23: =IF(E23=0,0,((AI23*(1-(AJ23/100)))/24)*(24-HOURS)) -> 0 | H23: 0.85 | I23: NO P.CK | J23: 80 | K23: 80 | L23: 310 | AF23: =AK23/24*E23 -> 0.085 | AG23: =AM23/24*E23 -> 66.33 | AH23: 46213 | AI23: 67 | AJ23: 1 | AK23: 0.085 | AM23: =IF(BFPD=0,0,BFPD*(1-BSW/100)) -> 66.33 | CJ23: =+IF(D23="SI",0,AI23*AJ23/100) -> 0.67 | CU23: KHALDA_WELL17 | CV23: =REPORTDATE-1 -> 46298 | CW23: =$CT$3&B23 -> 9AG-42ST1 | CX23: =I23 -> NO P.CK | CY23: =J23 -> 80 | CZ23: =E23 -> 24 | DA23: =IF(CZ23=0,"SI",D23) -> G/L | DC23: =E23*((H23*1000)/24) -> 850 | DD23: =N23 -> 0 | DE23: =V23 -> 0 | DF23: =W23 -> 0 | DG23: =X23 -> 0 | DH23: =Z23 -> 0 | DI23: =AD23 -> 0 | DL23: =AE23 -> 0 | DM23: =AG23 -> 66.33 | DN23: =IF(G23="","",G23) | DO23: =AM23/24*HOURS -> 66.33 | DP23: =IF(OR(D23="SI",B23="",D23="T&A"),"",VLOOKUP(B23,WELL_FIELD,2)) -> AG | EB23: =IF(B23="","","KHALDA_WELL") -> KHALDA_WELL | EC23: =REPORTDATE-1 -> 46298 | ED23: =B23 -> AG-42ST1 | EE23: =I23 -> NO P.CK | EF23: =J23 -> 80 | EG23: =E23 -> 24 | EH23: =IF(CZ23=0,"SI",D23) -> G/L | EK23: =IF(G23="","",G23) | EL23: =AJ23 -> 1 | EM23: =W23 -> 0 | EQ23: =Y23 -> 0 | ER23: =Z23 -> 0 | ES23: =X23 -> 0 | ET23: =AD23 -> 0 | EX23: =AE23 -> 0 | EZ23: =S23 -> 0 | FA23: =T23 -> 0 | FB23: =U23 -> 0 | FD23: =AN23 -> 0
B24: AG-43 | C24: ARG | D24: SI | E24: 0 | F24: =IF(E24=0,0,((AI24*(1-(AJ24/100)))/24)*(24-HOURS)) -> 0 | I24: 20 | J24: 150 | K24: 140 | L24: 0 | AF24: =AK24/24*E24 -> 0 | AG24: =AM24/24*E24 -> 0 | AH24: 45964 | AI24: 0 | AJ24: 0 | AK24: 0.195 | AM24: =IF(BFPD=0,0,BFPD*(1-BSW/100)) -> 0 | AN24: Checked the well found cease to flow, SI same for PBU. | CJ24: =+IF(D24="SI",0,AI24*AJ24/100) -> 0 | CU24: KHALDA_WELL18 | CV24: =REPORTDATE-1 -> 46298 | CW24: =$CT$3&B24 -> 9AG-43 | CX24: =I24 -> 20 | CY24: =J24 -> 150 | CZ24: =E24 -> 0 | DA24: =IF(CZ24=0,"SI",D24) -> SI | DC24: =E24*((H24*1000)/24) -> 0 | DD24: =N24 -> 0 | DE24: =V24 -> 0 | DF24: =W24 -> 0 | DG24: =X24 -> 0 | DH24: =Z24 -> 0 | DI24: =AD24 -> 0 | DL24: =AE24 -> 0 | DM24: =AG24 -> 0 | DN24: =IF(G24="","",G24) | DO24: =AM24/24*HOURS -> 0 | DP24: =IF(OR(D24="SI",B24="",D24="T&A"),"",VLOOKUP(B24,WELL_FIELD,2)) | EB24: =IF(B24="","","KHALDA_WELL") -> KHALDA_WELL | EC24: =REPORTDATE-1 -> 46298 | ED24: =B24 -> AG-43 | EE24: =I24 -> 20 | EF24: =J24 -> 150 | EG24: =E24 -> 0 | EH24: =IF(CZ24=0,"SI",D24) -> SI | EK24: =IF(G24="","",G24) | EL24: =AJ24 -> 0 | EM24: =W24 -> 0 | EQ24: =Y24 -> 0 | ER24: =Z24 -> 0 | ES24: =X24 -> 0 | ET24: =AD24 -> 0 | EX24: =AE24 -> 0 | EZ24: =S24 -> 0 | FA24: =T24 -> 0 | FB24: =U24 -> 0 | FD24: =AN24 -> Checked the well found cease to flow, SI same for PBU.
B25: AG-44 | C25: ARG | D25: NF | E25: 24 | F25: =IF(E25=0,0,((AI25*(1-(AJ25/100)))/24)*(24-HOURS)) -> 0 | I25: 42 | J25: 1450 | K25: 150 | L25: 0 | AF25: =AK25/24*E25 -> 0.941 | AG25: =AM25/24*E25 -> 38.64 | AH25: 46291 | AI25: 42 | AJ25: 8 | AK25: 0.941 | AM25: =IF(BFPD=0,0,BFPD*(1-BSW/100)) -> 38.64 | CJ25: =+IF(D25="SI",0,AI25*AJ25/100) -> 3.36 | CU25: KHALDA_WELL19 | CV25: =REPORTDATE-1 -> 46298 | CW25: =$CT$3&B25 -> 9AG-44 | CX25: =I25 -> 42 | CY25: =J25 -> 1450 | CZ25: =E25 -> 24 | DA25: =IF(CZ25=0,"SI",D25) -> NF | DC25: =E25*((H25*1000)/24) -> 0 | DD25: =N25 -> 0 | DE25: =V25 -> 0 | DF25: =W25 -> 0 | DG25: =X25 -> 0 | DH25: =Z25 -> 0 | DI25: =AD25 -> 0 | DL25: =AE25 -> 0 | DM25: =AG25 -> 38.64 | DN25: =IF(G25="","",G25) | DO25: =AM25/24*HOURS -> 38.64 | DP25: =IF(OR(D25="SI",B25="",D25="T&A"),"",VLOOKUP(B25,WELL_FIELD,2)) -> AG | EB25: =IF(B25="","","KHALDA_WELL") -> KHALDA_WELL | EC25: =REPORTDATE-1 -> 46298 | ED25: =B25 -> AG-44 | EE25: =I25 -> 42 | EF25: =J25 -> 1450 | EG25: =E25 -> 24 | EH25: =IF(CZ25=0,"SI",D25) -> NF | EK25: =IF(G25="","",G25) | EL25: =AJ25 -> 8 | EM25: =W25 -> 0 | EQ25: =Y25 -> 0 | ER25: =Z25 -> 0 | ES25: =X25 -> 0 | ET25: =AD25 -> 0 | EX25: =AE25 -> 0 | EZ25: =S25 -> 0 | FA25: =T25 -> 0 | FB25: =U25 -> 0 | FD25: =AN25 -> 0
B26: AG-48ST2 | C26: MULTIZONE | D26: SI | E26: 0 | F26: =IF(E26=0,0,((AI26*(1-(AJ26/100)))/24)*(24-HOURS)) -> 0 | H26: 0 | I26: NO P.CK | J26: 0 | K26: 0 | L26: 0 | AF26: =AK26/24*E26 -> 0 | AG26: =AM26/24*E26 -> 0 | AH26: 42338 | AI26: 113 | AJ26: 45.4 | AK26: 0.866 | AM26: =IF(BFPD=0,0,BFPD*(1-BSW/100)) -> 61.698 | AN26: Downhole integrity problem(CMT & gas return from TBG) | CJ26: =+IF(D26="SI",0,AI26*AJ26/100) -> 0 | CU26: KHALDA_WELL20 | CV26: =REPORTDATE-1 -> 46298 | CW26: =$CT$3&B26 -> 9AG-48ST2 | CX26: =I26 -> NO P.CK | CY26: =J26 -> 0 | CZ26: =E26 -> 0 | DA26: =IF(CZ26=0,"SI",D26) -> SI | DC26: =E26*((H26*1000)/24) -> 0 | DD26: =N26 -> 0 | DE26: =V26 -> 0 | DF26: =W26 -> 0 | DG26: =X26 -> 0 | DH26: =Z26 -> 0 | DI26: =AD26 -> 0 | DL26: =AE26 -> 0 | DM26: =AG26 -> 0 | DN26: =IF(G26="","",G26) | DO26: =AM26/24*HOURS -> 0 | DP26: =IF(OR(D26="SI",B26="",D26="T&A"),"",VLOOKUP(B26,WELL_FIELD,2)) | EB26: =IF(B26="","","KHALDA_WELL") -> KHALDA_WELL | EC26: =REPORTDATE-1 -> 46298 | ED26: =B26 -> AG-48ST2 | EE26: =I26 -> NO P.CK | EF26: =J26 -> 0 | EG26: =E26 -> 0 | EH26: =IF(CZ26=0,"SI",D26) -> SI | EK26: =IF(G26="","",G26) | EL26: =AJ26 -> 45.4 | EM26: =W26 -> 0 | EQ26: =Y26 -> 0 | ER26: =Z26 -> 0 | ES26: =X26 -> 0 | ET26: =AD26 -> 0 | EX26: =AE26 -> 0 | EZ26: =S26 -> 0 | FA26: =T26 -> 0 | FB26: =U26 -> 0 | FD26: =AN26 -> Downhole integrity problem(CMT & gas return from TBG)
B27: AG-51 | C27: ARC | D27: SI | E27: 0 | F27: =IF(E27=0,0,((AI27*(1-(AJ27/100)))/24)*(24-HOURS)) -> 0 | H27: 0 | I27: NO P.CK | J27: 0 | K27: 0 | L27: 0 | AC27: 50 | AF27: =AK27/24*E27 -> 0 | AG27: =AM27/24*E27 -> 0 | AH27: 44776 | AI27: 0 | AJ27: 0 | AK27: 1.525 | AM27: =IF(BFPD=0,0,BFPD*(1-BSW/100)) -> 0 | CJ27: =+IF(D27="SI",0,AI27*AJ27/100) -> 0 | CU27: KHALDA_WELL21 | CV27: =REPORTDATE-1 -> 46298 | CW27: =$CT$3&B27 -> 9AG-51 | CX27: =I27 -> NO P.CK | CY27: =J27 -> 0 | CZ27: =E27 -> 0 | DA27: =IF(CZ27=0,"SI",D27) -> SI | DC27: =E27*((H27*1000)/24) -> 0 | DD27: =N27 -> 0 | DE27: =V27 -> 0 | DF27: =W27 -> 0 | DG27: =X27 -> 0 | DH27: =Z27 -> 0 | DI27: =AD27 -> 0 | DL27: =AE27 -> 0 | DM27: =AG27 -> 0 | DN27: =IF(G27="","",G27) | DO27: =AM27/24*HOURS -> 0 | DP27: =IF(OR(D27="SI",B27="",D27="T&A"),"",VLOOKUP(B27,WELL_FIELD,2)) | EB27: =IF(B27="","","KHALDA_WELL") -> KHALDA_WELL | EC27: =REPORTDATE-1 -> 46298 | ED27: =B27 -> AG-51 | EE27: =I27 -> NO P.CK | EF27: =J27 -> 0 | EG27: =E27 -> 0 | EH27: =IF(CZ27=0,"SI",D27) -> SI | EK27: =IF(G27="","",G27) | EL27: =AJ27 -> 0 | EM27: =W27 -> 0 | EQ27: =Y27 -> 0 | ER27: =Z27 -> 0 | ES27: =X27 -> 0 | ET27: =AD27 -> 0 | EX27: =AE27 -> 0 | EZ27: =S27 -> 0 | FA27: =T27 -> 0 | FB27: =U27 -> 0 | FD27: =AN27 -> 0
B28: AG-52 | C28: BAH | D28: SI | E28: 0 | F28: =IF(E28=0,0,((AI28*(1-(AJ28/100)))/24)*(24-HOURS)) -> 0 | I28: NO P.CK | J28: 170 | K28: 155 | L28: 0 | AF28: =AK28/24*E28 -> 0 | AG28: =AM28/24*E28 -> 0 | AH28: 46031 | AI28: 48 | AJ28: 60 | AK28: 2.297 | AM28: =IF(BFPD=0,0,BFPD*(1-BSW/100)) -> 19.2 | AN28: Flowing to GP | CJ28: =+IF(D28="SI",0,AI28*AJ28/100) -> 0 | CU28: KHALDA_WELL22 | CV28: =REPORTDATE-1 -> 46298 | CW28: =$CT$3&B28 -> 9AG-52 | CX28: =I28 -> NO P.CK | CY28: =J28 -> 170 | CZ28: =E28 -> 0 | DA28: =IF(CZ28=0,"SI",D28) -> SI | DC28: =E28*((H28*1000)/24) -> 0 | DD28: =N28 -> 0 | DE28: =V28 -> 0 | DF28: =W28 -> 0 | DG28: =X28 -> 0 | DH28: =Z28 -> 0 | DI28: =AD28 -> 0 | DL28: =AE28 -> 0 | DM28: =AG28 -> 0 | DN28: =IF(G28="","",G28) | DO28: =AM28/24*HOURS -> 0 | DP28: =IF(OR(D28="SI",B28="",D28="T&A"),"",VLOOKUP(B28,WELL_FIELD,2)) | EB28: =IF(B28="","","KHALDA_WELL") -> KHALDA_WELL | EC28: =REPORTDATE-1 -> 46298 | ED28: =B28 -> AG-52 | EE28: =I28 -> NO P.CK | EF28: =J28 -> 170 | EG28: =E28 -> 0 | EH28: =IF(CZ28=0,"SI",D28) -> SI | EK28: =IF(G28="","",G28) | EL28: =AJ28 -> 60 | EM28: =W28 -> 0 | EQ28: =Y28 -> 0 | ER28: =Z28 -> 0 | ES28: =X28 -> 0 | ET28: =AD28 -> 0 | EX28: =AE28 -> 0 | EZ28: =S28 -> 0 | FA28: =T28 -> 0 | FB28: =U28 -> 0 | FD28: =AN28 -> Flowing to GP
B29: AG-53 | C29: ARE | D29: SI | E29: 0 | F29: =IF(E29=0,0,((AI29*(1-(AJ29/100)))/24)*(24-HOURS)) -> 0 | H29: 0 | I29: NO P.CK | J29: 0 | K29: 0 | L29: 0 | AC29: 50 | AF29: =AK29/24*E29 -> 0 | AG29: =AM29/24*E29 -> 0 | AH29: 45318 | AI29: 25 | AJ29: 1 | AK29: 0.102 | AM29: =IF(BFPD=0,0,BFPD*(1-BSW/100)) -> 24.75 | CJ29: =+IF(D29="SI",0,AI29*AJ29/100) -> 0 | CU29: KHALDA_WELL23 | CV29: =REPORTDATE-1 -> 46298 | CW29: =$CT$3&B29 -> 9AG-53 | CX29: =I29 -> NO P.CK | CY29: =J29 -> 0 | CZ29: =E29 -> 0 | DA29: =IF(CZ29=0,"SI",D29) -> SI | DC29: =E29*((H29*1000)/24) -> 0 | DD29: =N29 -> 0 | DE29: =V29 -> 0 | DF29: =W29 -> 0 | DG29: =X29 -> 0 | DH29: =Z29 -> 0 | DI29: =AD29 -> 0 | DL29: =AE29 -> 0 | DM29: =AG29 -> 0 | DN29: =IF(G29="","",G29) | DO29: =AM29/24*HOURS -> 0 | DP29: =IF(OR(D29="SI",B29="",D29="T&A"),"",VLOOKUP(B29,WELL_FIELD,2)) | EB29: =IF(B29="","","KHALDA_WELL") -> KHALDA_WELL | EC29: =REPORTDATE-1 -> 46298 | ED29: =B29 -> AG-53 | EE29: =I29 -> NO P.CK | EF29: =J29 -> 0 | EG29: =E29 -> 0 | EH29: =IF(CZ29=0,"SI",D29) -> SI | EK29: =IF(G29="","",G29) | EL29: =AJ29 -> 1 | EM29: =W29 -> 0 | EQ29: =Y29 -> 0 | ER29: =Z29 -> 0 | ES29: =X29 -> 0 | ET29: =AD29 -> 0 | EX29: =AE29 -> 0 | EZ29: =S29 -> 0 | FA29: =T29 -> 0 | FB29: =U29 -> 0 | FD29: =AN29 -> 0
B30: AG-54 | C30: ARE | D30: SI | E30: 0 | F30: =IF(E30=0,0,((AI30*(1-(AJ30/100)))/24)*(24-HOURS)) -> 0 | H30: 0 | I30: NO P.CK | J30: 0 | K30: 0 | L30: 0 | AF30: =AK30/24*E30 -> 0 | AG30: =AM30/24*E30 -> 0 | AH30: 46045 | AI30: 0 | AK30: 0.325 | AM30: =IF(BFPD=0,0,BFPD*(1-BSW/100)) -> 0 | CJ30: =+IF(D30="SI",0,AI30*AJ30/100) -> 0 | CU30: KHALDA_WELL24 | CV30: =REPORTDATE-1 -> 46298 | CW30: =$CT$3&B30 -> 9AG-54 | CX30: =I30 -> NO P.CK | CY30: =J30 -> 0 | CZ30: =E30 -> 0 | DA30: =IF(CZ30=0,"SI",D30) -> SI | DC30: =E30*((H30*1000)/24) -> 0 | DD30: =N30 -> 0 | DE30: =V30 -> 0 | DF30: =W30 -> 0 | DG30: =X30 -> 0 | DH30: =Z30 -> 0 | DI30: =AD30 -> 0 | DL30: =AE30 -> 0 | DM30: =AG30 -> 0 | DN30: =IF(G30="","",G30) | DO30: =AM30/24*HOURS -> 0 | DP30: =IF(OR(D30="SI",B30="",D30="T&A"),"",VLOOKUP(B30,WELL_FIELD,2)) | EB30: =IF(B30="","","KHALDA_WELL") -> KHALDA_WELL | EC30: =REPORTDATE-1 -> 46298 | ED30: =B30 -> AG-54 | EE30: =I30 -> NO P.CK | EF30: =J30 -> 0 | EG30: =E30 -> 0 | EH30: =IF(CZ30=0,"SI",D30) -> SI | EK30: =IF(G30="","",G30) | EL30: =AJ30 -> 0 | EM30: =W30 -> 0 | EQ30: =Y30 -> 0 | ER30: =Z30 -> 0 | ES30: =X30 -> 0 | ET30: =AD30 -> 0 | EX30: =AE30 -> 0 | EZ30: =S30 -> 0 | FA30: =T30 -> 0 | FB30: =U30 -> 0 | FD30: =AN30 -> 0
B31: AG-56 | C31: MULTIZONE | D31: SI | E31: 0 | F31: =IF(E31=0,0,((AI31*(1-(AJ31/100)))/24)*(24-HOURS)) -> 0 | H31: 0 | I31: NO P.CK | J31: 0 | K31: 0 | L31: 0 | AC31: 50 | AF31: =AK31/24*E31 -> 0 | AG31: =AM31/24*E31 -> 0 | AH31: 43238 | AI31: 39 | AJ31: 37.3 | AK31: 0.13 | AM31: =IF(BFPD=0,0,BFPD*(1-BSW/100)) -> 24.453 | AN31: The well is SI due to low production & gas lift optimization | CJ31: =+IF(D31="SI",0,AI31*AJ31/100) -> 0 | CU31: KHALDA_WELL25 | CV31: =REPORTDATE-1 -> 46298 | CW31: =$CT$3&B31 -> 9AG-56 | CX31: =I31 -> NO P.CK | CY31: =J31 -> 0 | CZ31: =E31 -> 0 | DA31: =IF(CZ31=0,"SI",D31) -> SI | DC31: =E31*((H31*1000)/24) -> 0 | DD31: =N31 -> 0 | DE31: =V31 -> 0 | DF31: =W31 -> 0 | DG31: =X31 -> 0 | DH31: =Z31 -> 0 | DI31: =AD31 -> 0 | DL31: =AE31 -> 0 | DM31: =AG31 -> 0 | DN31: =IF(G31="","",G31) | DO31: =AM31/24*HOURS -> 0 | DP31: =IF(OR(D31="SI",B31="",D31="T&A"),"",VLOOKUP(B31,WELL_FIELD,2)) | EB31: =IF(B31="","","KHALDA_WELL") -> KHALDA_WELL | EC31: =REPORTDATE-1 -> 46298 | ED31: =B31 -> AG-56 | EE31: =I31 -> NO P.CK | EF31: =J31 -> 0 | EG31: =E31 -> 0 | EH31: =IF(CZ31=0,"SI",D31) -> SI | EK31: =IF(G31="","",G31) | EL31: =AJ31 -> 37.3 | EM31: =W31 -> 0 | EQ31: =Y31 -> 0 | ER31: =Z31 -> 0 | ES31: =X31 -> 0 | ET31: =AD31 -> 0 | EX31: =AE31 -> 0 | EZ31: =S31 -> 0 | FA31: =T31 -> 0 | FB31: =U31 -> 0 | FD31: =AN31 -> The well is SI due to low production & gas lift optimization
B32: AG-57ST2 | C32: ARG | D32: G/L | E32: 24 | F32: =IF(E32=0,0,((AI32*(1-(AJ32/100)))/24)*(24-HOURS)) -> 0 | H32: 1.118178 | I32: NO P.CK | J32: 240 | K32: 240 | L32: 730 | AF32: =AK32/24*E32 -> 0.06 | AG32: =AM32/24*E32 -> 33.3 | AH32: 46271 | AI32: 90 | AJ32: 63 | AK32: 0.06 | AL32: 92000 | AM32: =IF(BFPD=0,0,BFPD*(1-BSW/100)) -> 33.3 | CJ32: =+IF(D32="SI",0,AI32*AJ32/100) -> 56.7 | CU32: KHALDA_WELL26 | CV32: =REPORTDATE-1 -> 46298 | CW32: =$CT$3&B32 -> 9AG-57ST2 | CX32: =I32 -> NO P.CK | CY32: =J32 -> 240 | CZ32: =E32 -> 24 | DA32: =IF(CZ32=0,"SI",D32) -> G/L | DC32: =E32*((H32*1000)/24) -> 1118.178 | DD32: =N32 -> 0 | DE32: =V32 -> 0 | DF32: =W32 -> 0 | DG32: =X32 -> 0 | DH32: =Z32 -> 0 | DI32: =AD32 -> 0 | DL32: =AE32 -> 0 | DM32: =AG32 -> 33.3 | DN32: =IF(G32="","",G32) | DO32: =AM32/24*HOURS -> 33.3 | DP32: =IF(OR(D32="SI",B32="",D32="T&A"),"",VLOOKUP(B32,WELL_FIELD,2)) -> SAG | EB32: =IF(B32="","","KHALDA_WELL") -> KHALDA_WELL | EC32: =REPORTDATE-1 -> 46298 | ED32: =B32 -> AG-57ST2 | EE32: =I32 -> NO P.CK | EF32: =J32 -> 240 | EG32: =E32 -> 24 | EH32: =IF(CZ32=0,"SI",D32) -> G/L | EK32: =IF(G32="","",G32) | EL32: =AJ32 -> 63 | EM32: =W32 -> 0 | EQ32: =Y32 -> 0 | ER32: =Z32 -> 0 | ES32: =X32 -> 0 | ET32: =AD32 -> 0 | EX32: =AE32 -> 0 | EZ32: =S32 -> 0 | FA32: =T32 -> 0 | FB32: =U32 -> 0 | FD32: =AN32 -> 0
B33: AG-58 | C33: MULTIZONE | D33: SI | E33: 0 | F33: =IF(E33=0,0,((AI33*(1-(AJ33/100)))/24)*(24-HOURS)) -> 0 | G33: Low Reservoir Pressure/Depleted | I33: OPEN | J33: 90 | K33: 90 | L33: 0 | AF33: =AK33/24*E33 -> 0 | AG33: =AM33/24*E33 -> 0 | AH33: 44489 | AI33: 0 | AJ33: 0 | AK33: 0 | AM33: =IF(BFPD=0,0,BFPD*(1-BSW/100)) -> 0 | CJ33: =+IF(D33="SI",0,AI33*AJ33/100) -> 0 | CU33: KHALDA_WELL27 | CV33: =REPORTDATE-1 -> 46298 | CW33: =$CT$3&B33 -> 9AG-58 | CX33: =I33 -> OPEN | CY33: =J33 -> 90 | CZ33: =E33 -> 0 | DA33: =IF(CZ33=0,"SI",D33) -> SI | DC33: =E33*((H33*1000)/24) -> 0 | DD33: =N33 -> 0 | DE33: =V33 -> 0 | DF33: =W33 -> 0 | DG33: =X33 -> 0 | DH33: =Z33 -> 0 | DI33: =AD33 -> 0 | DL33: =AE33 -> 0 | DM33: =AG33 -> 0 | DN33: =IF(G33="","",G33) -> Low Reservoir Pressure/Depleted | DO33: =AM33/24*HOURS -> 0 | DP33: =IF(OR(D33="SI",B33="",D33="T&A"),"",VLOOKUP(B33,WELL_FIELD,2)) | EB33: =IF(B33="","","KHALDA_WELL") -> KHALDA_WELL | EC33: =REPORTDATE-1 -> 46298 | ED33: =B33 -> AG-58 | EE33: =I33 -> OPEN | EF33: =J33 -> 90 | EG33: =E33 -> 0 | EH33: =IF(CZ33=0,"SI",D33) -> SI | EK33: =IF(G33="","",G33) -> Low Reservoir Pressure/Depleted | EL33: =AJ33 -> 0 | EM33: =W33 -> 0 | EQ33: =Y33 -> 0 | ER33: =Z33 -> 0 | ES33: =X33 -> 0 | ET33: =AD33 -> 0 | EX33: =AE33 -> 0 | EZ33: =S33 -> 0 | FA33: =T33 -> 0 | FB33: =U33 -> 0 | FD33: =AN33 -> 0
B34: AG-60 | C34: MULTIZONE | D34: NF | E34: 24 | F34: =IF(E34=0,0,((AI34*(1-(AJ34/100)))/24)*(24-HOURS)) -> 0 | I34: 16 | J34: 610 | K34: 0 | L34: 0 | AF34: =AK34/24*E34 -> 0.144 | AG34: =AM34/24*E34 -> 9.9 | AH34: 44610 | AI34: 10 | AJ34: 1 | AK34: 0.144 | AM34: =IF(BFPD=0,0,BFPD*(1-BSW/100)) -> 9.9 | CJ34: =+IF(D34="SI",0,AI34*AJ34/100) -> 0.1 | CU34: KHALDA_WELL28 | CV34: =REPORTDATE-1 -> 46298 | CW34: =$CT$3&B34 -> 9AG-60 | CX34: =I34 -> 16 | CY34: =J34 -> 610 | CZ34: =E34 -> 24 | DA34: =IF(CZ34=0,"SI",D34) -> NF | DC34: =E34*((H34*1000)/24) -> 0 | DD34: =N34 -> 0 | DE34: =V34 -> 0 | DF34: =W34 -> 0 | DG34: =X34 -> 0 | DH34: =Z34 -> 0 | DI34: =AD34 -> 0 | DL34: =AE34 -> 0 | DM34: =AG34 -> 9.9 | DN34: =IF(G34="","",G34) | DO34: =AM34/24*HOURS -> 9.9 | DP34: =IF(OR(D34="SI",B34="",D34="T&A"),"",VLOOKUP(B34,WELL_FIELD,2)) -> AG | EB34: =IF(B34="","","KHALDA_WELL") -> KHALDA_WELL | EC34: =REPORTDATE-1 -> 46298 | ED34: =B34 -> AG-60 | EE34: =I34 -> 16 | EF34: =J34 -> 610 | EG34: =E34 -> 24 | EH34: =IF(CZ34=0,"SI",D34) -> NF | EK34: =IF(G34="","",G34) | EL34: =AJ34 -> 1 | EM34: =W34 -> 0 | EQ34: =Y34 -> 0 | ER34: =Z34 -> 0 | ES34: =X34 -> 0 | ET34: =AD34 -> 0 | EX34: =AE34 -> 0 | EZ34: =S34 -> 0 | FA34: =T34 -> 0 | FB34: =U34 -> 0 | FD34: =AN34 -> 0
B35: AG-62 | C35: MULTIZONE | D35: NF | E35: 24 | F35: =IF(E35=0,0,((AI35*(1-(AJ35/100)))/24)*(24-HOURS)) -> 0 | I35: OPEN | J35: 150 | K35: 140 | L35: 0 | AF35: =AK35/24*E35 -> 0.278 | AG35: =AM35/24*E35 -> 0 | AH35: 46136 | AI35: 0 | AJ35: 0 | AK35: 0.278 | AM35: =IF(BFPD=0,0,BFPD*(1-BSW/100)) -> 0 | CJ35: =+IF(D35="SI",0,AI35*AJ35/100) -> 0 | CU35: KHALDA_WELL29 | CV35: =REPORTDATE-1 -> 46298 | CW35: =$CT$3&B35 -> 9AG-62 | CX35: =I35 -> OPEN | CY35: =J35 -> 150 | CZ35: =E35 -> 24 | DA35: =IF(CZ35=0,"SI",D35) -> NF | DC35: =E35*((H35*1000)/24) -> 0 | DD35: =N35 -> 0 | DE35: =V35 -> 0 | DF35: =W35 -> 0 | DG35: =X35 -> 0 | DH35: =Z35 -> 0 | DI35: =AD35 -> 0 | DL35: =AE35 -> 0 | DM35: =AG35 -> 0 | DN35: =IF(G35="","",G35) | DO35: =AM35/24*HOURS -> 0 | DP35: =IF(OR(D35="SI",B35="",D35="T&A"),"",VLOOKUP(B35,WELL_FIELD,2)) -> AG | EB35: =IF(B35="","","KHALDA_WELL") -> KHALDA_WELL | EC35: =REPORTDATE-1 -> 46298 | ED35: =B35 -> AG-62 | EE35: =I35 -> OPEN | EF35: =J35 -> 150 | EG35: =E35 -> 24 | EH35: =IF(CZ35=0,"SI",D35) -> NF | EK35: =IF(G35="","",G35) | EL35: =AJ35 -> 0 | EM35: =W35 -> 0 | EQ35: =Y35 -> 0 | ER35: =Z35 -> 0 | ES35: =X35 -> 0 | ET35: =AD35 -> 0 | EX35: =AE35 -> 0 | EZ35: =S35 -> 0 | FA35: =T35 -> 0 | FB35: =U35 -> 0 | FD35: =AN35 -> 0
B36: AG-64 | C36: MULTIZONE | D36: NF | E36: 12 | F36: =IF(E36=0,0,((AI36*(1-(AJ36/100)))/24)*(24-HOURS)) -> 0 | G36: Low Reservoir Pressure/Depleted | I36: OPEN | J36: 300 | K36: 150 | L36: 0 | AF36: =AK36/24*E36 -> 0.008 | AG36: =AM36/24*E36 -> 0 | AH36: 43182 | AI36: 0 | AJ36: 0 | AK36: 0.016 | AM36: =IF(BFPD=0,0,BFPD*(1-BSW/100)) -> 0 | CJ36: =+IF(D36="SI",0,AI36*AJ36/100) -> 0 | CU36: KHALDA_WELL30 | CV36: =REPORTDATE-1 -> 46298 | CW36: =$CT$3&B36 -> 9AG-64 | CX36: =I36 -> OPEN | CY36: =J36 -> 300 | CZ36: =E36 -> 12 | DA36: =IF(CZ36=0,"SI",D36) -> NF | DC36: =E36*((H36*1000)/24) -> 0 | DD36: =N36 -> 0 | DE36: =V36 -> 0 | DF36: =W36 -> 0 | DG36: =X36 -> 0 | DH36: =Z36 -> 0 | DI36: =AD36 -> 0 | DL36: =AE36 -> 0 | DM36: =AG36 -> 0 | DN36: =IF(G36="","",G36) -> Low Reservoir Pressure/Depleted | DO36: =AM36/24*HOURS -> 0 | DP36: =IF(OR(D36="SI",B36="",D36="T&A"),"",VLOOKUP(B36,WELL_FIELD,2)) -> AG | EB36: =IF(B36="","","KHALDA_WELL") -> KHALDA_WELL | EC36: =REPORTDATE-1 -> 46298 | ED36: =B36 -> AG-64 | EE36: =I36 -> OPEN | EF36: =J36 -> 300 | EG36: =E36 -> 12 | EH36: =IF(CZ36=0,"SI",D36) -> NF | EK36: =IF(G36="","",G36) -> Low Reservoir Pressure/Depleted | EL36: =AJ36 -> 0 | EM36: =W36 -> 0 | EQ36: =Y36 -> 0 | ER36: =Z36 -> 0 | ES36: =X36 -> 0 | ET36: =AD36 -> 0 | EX36: =AE36 -> 0 | EZ36: =S36 -> 0 | FA36: =T36 -> 0 | FB36: =U36 -> 0 | FD36: =AN36 -> 0
B37: AG-65 | C37: MULTIZONE | D37: G/L | E37: 24 | F37: =IF(E37=0,0,((AI37*(1-(AJ37/100)))/24)*(24-HOURS)) -> 0 | H37: 0.91404903 | I37: OPEN | J37: 140 | K37: 140 | L37: 440 | AF37: =AK37/24*E37 -> 0.51 | AG37: =AM37/24*E37 -> 62.37 | AH37: 46197 | AI37: 63 | AJ37: 1 | AK37: 0.51 | AM37: =IF(BFPD=0,0,BFPD*(1-BSW/100)) -> 62.37 | CJ37: =+IF(D37="SI",0,AI37*AJ37/100) -> 0.63 | CU37: KHALDA_WELL31 | CV37: =REPORTDATE-1 -> 46298 | CW37: =$CT$3&B37 -> 9AG-65 | CX37: =I37 -> OPEN | CY37: =J37 -> 140 | CZ37: =E37 -> 24 | DA37: =IF(CZ37=0,"SI",D37) -> G/L | DC37: =E37*((H37*1000)/24) -> 914.04903 | DD37: =N37 -> 0 | DE37: =V37 -> 0 | DF37: =W37 -> 0 | DG37: =X37 -> 0 | DH37: =Z37 -> 0 | DI37: =AD37 -> 0 | DL37: =AE37 -> 0 | DM37: =AG37 -> 62.37 | DN37: =IF(G37="","",G37) | DO37: =AM37/24*HOURS -> 62.37 | DP37: =IF(OR(D37="SI",B37="",D37="T&A"),"",VLOOKUP(B37,WELL_FIELD,2)) -> AG | EB37: =IF(B37="","","KHALDA_WELL") -> KHALDA_WELL | EC37: =REPORTDATE-1 -> 46298 | ED37: =B37 -> AG-65 | EE37: =I37 -> OPEN | EF37: =J37 -> 140 | EG37: =E37 -> 24 | EH37: =IF(CZ37=0,"SI",D37) -> G/L | EK37: =IF(G37="","",G37) | EL37: =AJ37 -> 1 | EM37: =W37 -> 0 | EQ37: =Y37 -> 0 | ER37: =Z37 -> 0 | ES37: =X37 -> 0 | ET37: =AD37 -> 0 | EX37: =AE37 -> 0 | EZ37: =S37 -> 0 | FA37: =T37 -> 0 | FB37: =U37 -> 0 | FD37: =AN37 -> 0
B38: AG-67A | C38: ARE | D38: SI | E38: 0 | F38: =IF(E38=0,0,((AI38*(1-(AJ38/100)))/24)*(24-HOURS)) -> 0 | I38: NO P.CK | J38: 0 | K38: 0 | L38: 0 | S38: 0 | T38: 0 | U38: 0 | AF38: =AK38/24*E38 -> 0 | AG38: =AM38/24*E38 -> 0 | AH38: 42187 | AI38: 206 | AJ38: 96.6 | AK38: 0 | AM38: =IF(BFPD=0,0,BFPD*(1-BSW/100)) -> 7.004 | CJ38: =+IF(D38="SI",0,AI38*AJ38/100) -> 0 | CU38: KHALDA_WELL32 | CV38: =REPORTDATE-1 -> 46298 | CW38: =$CT$3&B38 -> 9AG-67A | CX38: =I38 -> NO P.CK | CY38: =J38 -> 0 | CZ38: =E38 -> 0 | DA38: =IF(CZ38=0,"SI",D38) -> SI | DC38: =E38*((H38*1000)/24) -> 0 | DD38: =N38 -> 0 | DE38: =V38 -> 0 | DF38: =W38 -> 0 | DG38: =X38 -> 0 | DH38: =Z38 -> 0 | DI38: =AD38 -> 0 | DL38: =AE38 -> 0 | DM38: =AG38 -> 0 | DN38: =IF(G38="","",G38) | DO38: =AM38/24*HOURS -> 0 | DP38: =IF(OR(D38="SI",B38="",D38="T&A"),"",VLOOKUP(B38,WELL_FIELD,2)) | EB38: =IF(B38="","","KHALDA_WELL") -> KHALDA_WELL | EC38: =REPORTDATE-1 -> 46298 | ED38: =B38 -> AG-67A | EE38: =I38 -> NO P.CK | EF38: =J38 -> 0 | EG38: =E38 -> 0 | EH38: =IF(CZ38=0,"SI",D38) -> SI | EK38: =IF(G38="","",G38) | EL38: =AJ38 -> 96.6 | EM38: =W38 -> 0 | EQ38: =Y38 -> 0 | ER38: =Z38 -> 0 | ES38: =X38 -> 0 | ET38: =AD38 -> 0 | EX38: =AE38 -> 0 | EZ38: =S38 -> 0 | FA38: =T38 -> 0 | FB38: =U38 -> 0 | FD38: =AN38 -> 0
B39: AG-68 | C39: MULTIZONE | D39: SI | E39: 0 | F39: =IF(E39=0,0,((AI39*(1-(AJ39/100)))/24)*(24-HOURS)) -> 0 | G39: Low Reservoir Pressure/Depleted | I39: OPEN | J39: 270 | K39: 150 | L39: 0 | AF39: =AK39/24*E39 -> 0 | AG39: =AM39/24*E39 -> 0 | AH39: 46070 | AI39: 0 | AJ39: 0 | AK39: 0 | AM39: =IF(BFPD=0,0,BFPD*(1-BSW/100)) -> 0 | CJ39: =+IF(D39="SI",0,AI39*AJ39/100) -> 0 | CU39: KHALDA_WELL33 | CV39: =REPORTDATE-1 -> 46298 | CW39: =$CT$3&B39 -> 9AG-68 | CX39: =I39 -> OPEN | CY39: =J39 -> 270 | CZ39: =E39 -> 0 | DA39: =IF(CZ39=0,"SI",D39) -> SI | DC39: =E39*((H39*1000)/24) -> 0 | DD39: =N39 -> 0 | DE39: =V39 -> 0 | DF39: =W39 -> 0 | DG39: =X39 -> 0 | DH39: =Z39 -> 0 | DI39: =AD39 -> 0 | DL39: =AE39 -> 0 | DM39: =AG39 -> 0 | DN39: =IF(G39="","",G39) -> Low Reservoir Pressure/Depleted | DO39: =AM39/24*HOURS -> 0 | DP39: =IF(OR(D39="SI",B39="",D39="T&A"),"",VLOOKUP(B39,WELL_FIELD,2)) | EB39: =IF(B39="","","KHALDA_WELL") -> KHALDA_WELL | EC39: =REPORTDATE-1 -> 46298 | ED39: =B39 -> AG-68 | EE39: =I39 -> OPEN | EF39: =J39 -> 270 | EG39: =E39 -> 0 | EH39: =IF(CZ39=0,"SI",D39) -> SI | EK39: =IF(G39="","",G39) -> Low Reservoir Pressure/Depleted | EL39: =AJ39 -> 0 | EM39: =W39 -> 0 | EQ39: =Y39 -> 0 | ER39: =Z39 -> 0 | ES39: =X39 -> 0 | ET39: =AD39 -> 0 | EX39: =AE39 -> 0 | EZ39: =S39 -> 0 | FA39: =T39 -> 0 | FB39: =U39 -> 0 | FD39: =AN39 -> 0
B40: AG-78 | C40: MULTIZONE | D40: SI | E40: 0 | F40: =IF(E40=0,0,((AI40*(1-(AJ40/100)))/24)*(24-HOURS)) -> 0 | I40: OPEN | J40: 0 | K40: 0 | L40: 0 | AF40: =AK40/24*E40 -> 0 | AG40: =AM40/24*E40 -> 0 | AH40: 45035 | AI40: 20 | AJ40: 5 | AK40: 0.946 | AM40: =IF(BFPD=0,0,BFPD*(1-BSW/100)) -> 19 | CU40: KHALDA_WELL35 | CV40: =REPORTDATE-1 -> 46298 | CW40: =$CT$3&B40 -> 9AG-78 | CX40: =I40 -> OPEN | CY40: =J40 -> 0 | CZ40: =E40 -> 0 | DA40: =IF(CZ40=0,"SI",D40) -> SI | DC40: =E40*((H40*1000)/24) -> 0 | DD40: =N40 -> 0 | DE40: =V40 -> 0 | DF40: =W40 -> 0 | DG40: =X40 -> 0 | DH40: =Z40 -> 0 | DI40: =AD40 -> 0 | DL40: =AE40 -> 0 | DM40: =AG40 -> 0 | DN40: =IF(G40="","",G40) | DO40: =AM40/24*HOURS -> 0 | DP40: =IF(OR(D40="SI",B40="",D40="T&A"),"",VLOOKUP(B40,WELL_FIELD,2)) | EB40: =IF(B40="","","KHALDA_WELL") -> KHALDA_WELL | EC40: =REPORTDATE-1 -> 46298 | ED40: =B40 -> AG-78 | EE40: =I40 -> OPEN | EF40: =J40 -> 0 | EG40: =E40 -> 0 | EH40: =IF(CZ40=0,"SI",D40) -> SI | EK40: =IF(G40="","",G40) | EL40: =AJ40 -> 5 | EM40: =W40 -> 0 | EQ40: =Y40 -> 0 | ER40: =Z40 -> 0 | ES40: =X40 -> 0 | ET40: =AD40 -> 0 | EX40: =AE40 -> 0 | EZ40: =S40 -> 0 | FA40: =T40 -> 0 | FB40: =U40 -> 0 | FD40: =AN40 -> 0
B41: AG-79ST | C41: BAH | D41: SI | E41: 0 | F41: =IF(E41=0,0,((AI41*(1-(AJ41/100)))/24)*(24-HOURS)) -> 0 | G41: Low Reservoir Pressure/Depleted | I41: NO P.CK | J41: 550 | K41: 180 | L41: 0 | AF41: =AK41/24*E41 -> 0 | AG41: =AM41/24*E41 -> 0 | AM41: =IF(BFPD=0,0,BFPD*(1-BSW/100)) -> 0 | CJ41: =+IF(D41="SI",0,AI41*AJ41/100) -> 0 | CU41: KHALDA_WELL35 | CV41: =REPORTDATE-1 -> 46298 | CW41: =$CT$3&B41 -> 9AG-79ST | CX41: =I41 -> NO P.CK | CY41: =J41 -> 550 | CZ41: =E41 -> 0 | DA41: =IF(CZ41=0,"SI",D41) -> SI | DC41: =E41*((H41*1000)/24) -> 0 | DD41: =N41 -> 0 | DE41: =V41 -> 0 | DF41: =W41 -> 0 | DG41: =X41 -> 0 | DH41: =Z41 -> 0 | DI41: =AD41 -> 0 | DL41: =AE41 -> 0 | DM41: =AG41 -> 0 | DN41: =IF(G41="","",G41) -> Low Reservoir Pressure/Depleted | DO41: =AM41/24*HOURS -> 0 | DP41: =IF(OR(D41="SI",B41="",D41="T&A"),"",VLOOKUP(B41,WELL_FIELD,2)) | EB41: =IF(B41="","","KHALDA_WELL") -> KHALDA_WELL | EC41: =REPORTDATE-1 -> 46298 | ED41: =B41 -> AG-79ST | EE41: =I41 -> NO P.CK | EF41: =J41 -> 550 | EG41: =E41 -> 0 | EH41: =IF(CZ41=0,"SI",D41) -> SI | EK41: =IF(G41="","",G41) -> Low Reservoir Pressure/Depleted | EL41: =AJ41 -> 0 | EM41: =W41 -> 0 | EQ41: =Y41 -> 0 | ER41: =Z41 -> 0 | ES41: =X41 -> 0 | ET41: =AD41 -> 0 | EX41: =AE41 -> 0 | EZ41: =S41 -> 0 | FA41: =T41 -> 0 | FB41: =U41 -> 0 | FD41: =AN41 -> 0
B42: AG-80 | C42: ARC | D42: SRP | E42: 24 | F42: =IF(E42=0,0,((AI42*(1-(AJ42/100)))/24)*(24-HOURS)) -> 0 | I42: NO P.CK | J42: 0 | K42: 0 | L42: 0 | O42: 16/6/2022 | P42: 9681 | Q42: 0 | R42: 9642 | S42: 0 | T42: 0 | U42: 0 | W42: 1.5 | X42: 102 | Y42: 5.5 | AF42: =AK42/24*E42 -> 0 | AG42: =AM42/24*E42 -> 0 | AH42: 44429 | AI42: 0 | AJ42: 0 | AK42: 0 | AM42: =IF(BFPD=0,0,BFPD*(1-BSW/100)) -> 0 | CJ42: =+IF(D42="SI",0,AI42*AJ42/100) -> 0 | CU42: KHALDA_WELL36 | CV42: =REPORTDATE-1 -> 46298 | CW42: =$CT$3&B42 -> 9AG-80 | CX42: =I42 -> NO P.CK | CY42: =J42 -> 0 | CZ42: =E42 -> 24 | DA42: =IF(CZ42=0,"SI",D42) -> SRP | DC42: =E42*((H42*1000)/24) -> 0 | DD42: =N42 -> 0 | DE42: =V42 -> 0 | DF42: =W42 -> 1.5 | DG42: =X42 -> 102 | DH42: =Z42 -> 0 | DI42: =AD42 -> 0 | DL42: =AE42 -> 0 | DM42: =AG42 -> 0 | DN42: =IF(G42="","",G42) | DO42: =AM42/24*HOURS -> 0 | DP42: =IF(OR(D42="SI",B42="",D42="T&A"),"",VLOOKUP(B42,WELL_FIELD,2)) -> AG | EB42: =IF(B42="","","KHALDA_WELL") -> KHALDA_WELL | EC42: =REPORTDATE-1 -> 46298 | ED42: =B42 -> AG-80 | EE42: =I42 -> NO P.CK | EF42: =J42 -> 0 | EG42: =E42 -> 24 | EH42: =IF(CZ42=0,"SI",D42) -> SRP | EK42: =IF(G42="","",G42) | EL42: =AJ42 -> 0 | EM42: =W42 -> 1.5 | EQ42: =Y42 -> 5.5 | ER42: =Z42 -> 0 | ES42: =X42 -> 102 | ET42: =AD42 -> 0 | EX42: =AE42 -> 0 | EZ42: =S42 -> 0 | FA42: =T42 -> 0 | FB42: =U42 -> 0 | FD42: =AN42 -> 0
B43: AG-81 | C43: ARG | D43: SI | E43: 0 | F43: =IF(E43=0,0,((AI43*(1-(AJ43/100)))/24)*(24-HOURS)) -> 0 | I43: NO P.CK | J43: 0 | K43: 0 | L43: 0 | AD43: 0 | AE43: 0 | AF43: =AK43/24*E43 -> 0 | AG43: =AM43/24*E43 -> 0 | AH43: 46193 | AI43: 532 | AJ43: 87 | AK43: 0 | AL43: 115000 | AM43: =IF(BFPD=0,0,BFPD*(1-BSW/100)) -> 69.16 | CJ43: =+IF(D43="SI",0,AI43*AJ43/100) -> 0 | CU43: KHALDA_WELL37 | CV43: =REPORTDATE-1 -> 46298 | CW43: =$CT$3&B43 -> 9AG-81 | CX43: =I43 -> NO P.CK | CY43: =J43 -> 0 | CZ43: =E43 -> 0 | DA43: =IF(CZ43=0,"SI",D43) -> SI | DC43: =E43*((H43*1000)/24) -> 0 | DD43: =N43 -> 0 | DE43: =V43 -> 0 | DF43: =W43 -> 0 | DG43: =X43 -> 0 | DH43: =Z43 -> 0 | DI43: =AD43 -> 0 | DL43: =AE43 -> 0 | DM43: =AG43 -> 0 | DN43: =IF(G43="","",G43) | DO43: =AM43/24*HOURS -> 0 | DP43: =IF(OR(D43="SI",B43="",D43="T&A"),"",VLOOKUP(B43,WELL_FIELD,2)) | EB43: =IF(B43="","","KHALDA_WELL") -> KHALDA_WELL | EC43: =REPORTDATE-1 -> 46298 | ED43: =B43 -> AG-81 | EE43: =I43 -> NO P.CK | EF43: =J43 -> 0 | EG43: =E43 -> 0 | EH43: =IF(CZ43=0,"SI",D43) -> SI | EK43: =IF(G43="","",G43) | EL43: =AJ43 -> 87 | EM43: =W43 -> 0 | EQ43: =Y43 -> 0 | ER43: =Z43 -> 0 | ES43: =X43 -> 0 | ET43: =AD43 -> 0 | EX43: =AE43 -> 0 | EZ43: =S43 -> 0 | FA43: =T43 -> 0 | FB43: =U43 -> 0 | FD43: =AN43 -> 0
B44: AG-83 | C44: ARE | D44: ESP | E44: 24 | F44: =IF(E44=0,0,((AI44*(1-(AJ44/100)))/24)*(24-HOURS)) -> 0 | I44: NO P.CK | J44: 220 | K44: 170 | L44: 160 | O44: 21/2/2023 | P44: 3983 | Q44: 5844 | R44: 9827 | AA44: GN-1600 | AD44: 64 | AE44: 50 | AF44: =AK44/24*E44 -> 0 | AG44: =AM44/24*E44 -> 322.62 | AH44: 46295 | AI44: 1140 | AJ44: 71.7 | AK44: 0 | AM44: =IF(BFPD=0,0,BFPD*(1-BSW/100)) -> 322.62 | CJ44: =+IF(D44="SI",0,AI44*AJ44/100) -> 817.38 | CU44: KHALDA_WELL38 | CV44: =REPORTDATE-1 -> 46298 | CW44: =$CT$3&B44 -> 9AG-83 | CX44: =I44 -> NO P.CK | CY44: =J44 -> 220 | CZ44: =E44 -> 24 | DA44: =IF(CZ44=0,"SI",D44) -> ESP | DC44: =E44*((H44*1000)/24) -> 0 | DD44: =N44 -> 0 | DE44: =V44 -> 0 | DF44: =W44 -> 0 | DG44: =X44 -> 0 | DH44: =Z44 -> 0 | DI44: =AD44 -> 64 | DL44: =AE44 -> 50 | DM44: =AG44 -> 322.62 | DN44: =IF(G44="","",G44) | DO44: =AM44/24*HOURS -> 322.62 | DP44: =IF(OR(D44="SI",B44="",D44="T&A"),"",VLOOKUP(B44,WELL_FIELD,2)) -> AG | EB44: =IF(B44="","","KHALDA_WELL") -> KHALDA_WELL | EC44: =REPORTDATE-1 -> 46298 | ED44: =B44 -> AG-83 | EE44: =I44 -> NO P.CK | EF44: =J44 -> 220 | EG44: =E44 -> 24 | EH44: =IF(CZ44=0,"SI",D44) -> ESP | EK44: =IF(G44="","",G44) | EL44: =AJ44 -> 71.7 | EM44: =W44 -> 0 | EQ44: =Y44 -> 0 | ER44: =Z44 -> 0 | ES44: =X44 -> 0 | ET44: =AD44 -> 64 | EX44: =AE44 -> 50 | EZ44: =S44 -> 0 | FA44: =T44 -> 0 | FB44: =U44 -> 0 | FD44: =AN44 -> 0
B45: AG-85 | C45: BAH | D45: SI | E45: 0 | F45: =IF(E45=0,0,((AI45*(1-(AJ45/100)))/24)*(24-HOURS)) -> 0 | I45: OPEN | J45: 160 | K45: 150 | L45: 0 | AF45: =AK45/24*E45 -> 0 | AG45: =AM45/24*E45 -> 0 | AH45: 44856 | AI45: 0 | AJ45: 0 | AK45: 0.445 | AM45: =IF(BFPD=0,0,BFPD*(1-BSW/100)) -> 0 | CJ45: =+IF(D45="SI",0,AI45*AJ45/100) -> 0 | CU45: KHALDA_WELL39 | CV45: =REPORTDATE-1 -> 46298 | CW45: =$CT$3&B45 -> 9AG-85 | CX45: =I45 -> OPEN | CY45: =J45 -> 160 | CZ45: =E45 -> 0 | DA45: =IF(CZ45=0,"SI",D45) -> SI | DC45: =E45*((H45*1000)/24) -> 0 | DD45: =N45 -> 0 | DE45: =V45 -> 0 | DF45: =W45 -> 0 | DG45: =X45 -> 0 | DH45: =Z45 -> 0 | DI45: =AD45 -> 0 | DL45: =AE45 -> 0 | DM45: =AG45 -> 0 | DN45: =IF(G45="","",G45) | DO45: =AM45/24*HOURS -> 0 | DP45: =IF(OR(D45="SI",B45="",D45="T&A"),"",VLOOKUP(B45,WELL_FIELD,2)) | EB45: =IF(B45="","","KHALDA_WELL") -> KHALDA_WELL | EC45: =REPORTDATE-1 -> 46298 | ED45: =B45 -> AG-85 | EE45: =I45 -> OPEN | EF45: =J45 -> 160 | EG45: =E45 -> 0 | EH45: =IF(CZ45=0,"SI",D45) -> SI | EK45: =IF(G45="","",G45) | EL45: =AJ45 -> 0 | EM45: =W45 -> 0 | EQ45: =Y45 -> 0 | ER45: =Z45 -> 0 | ES45: =X45 -> 0 | ET45: =AD45 -> 0 | EX45: =AE45 -> 0 | EZ45: =S45 -> 0 | FA45: =T45 -> 0 | FB45: =U45 -> 0 | FD45: =AN45 -> 0
B46: AG-86 | C46: ARG | D46: SI | E46: 0 | F46: =IF(E46=0,0,((AI46*(1-(AJ46/100)))/24)*(24-HOURS)) -> 0 | H46: 0 | I46: NO P.CK | J46: 0 | K46: 0 | L46: 0 | AF46: =AK46/24*E46 -> 0 | AG46: =AM46/24*E46 -> 0 | AH46: 43824 | AI46: 24 | AJ46: 0.8 | AK46: 0.18 | AM46: =IF(BFPD=0,0,BFPD*(1-BSW/100)) -> 23.808 | CJ46: =+IF(D46="SI",0,AI46*AJ46/100) -> 0 | CU46: KHALDA_WELL40 | CV46: =REPORTDATE-1 -> 46298 | CW46: =$CT$3&B46 -> 9AG-86 | CX46: =I46 -> NO P.CK | CY46: =J46 -> 0 | CZ46: =E46 -> 0 | DA46: =IF(CZ46=0,"SI",D46) -> SI | DC46: =E46*((H46*1000)/24) -> 0 | DD46: =N46 -> 0 | DE46: =V46 -> 0 | DF46: =W46 -> 0 | DG46: =X46 -> 0 | DH46: =Z46 -> 0 | DI46: =AD46 -> 0 | DL46: =AE46 -> 0 | DM46: =AG46 -> 0 | DN46: =IF(G46="","",G46) | DO46: =AM46/24*HOURS -> 0 | DP46: =IF(OR(D46="SI",B46="",D46="T&A"),"",VLOOKUP(B46,WELL_FIELD,2)) | EB46: =IF(B46="","","KHALDA_WELL") -> KHALDA_WELL | EC46: =REPORTDATE-1 -> 46298 | ED46: =B46 -> AG-86 | EE46: =I46 -> NO P.CK | EF46: =J46 -> 0 | EG46: =E46 -> 0 | EH46: =IF(CZ46=0,"SI",D46) -> SI | EK46: =IF(G46="","",G46) | EL46: =AJ46 -> 0.8 | EM46: =W46 -> 0 | EQ46: =Y46 -> 0 | ER46: =Z46 -> 0 | ES46: =X46 -> 0 | ET46: =AD46 -> 0 | EX46: =AE46 -> 0 | EZ46: =S46 -> 0 | FA46: =T46 -> 0 | FB46: =U46 -> 0 | FD46: =AN46 -> 0
B47: AG-87 | C47: ARG | D47: SI | E47: 0 | F47: =IF(E47=0,0,((AI47*(1-(AJ47/100)))/24)*(24-HOURS)) -> 0 | I47: OPEN | J47: 240 | K47: 180 | L47: 0 | AF47: =AK47/24*E47 -> 0 | AG47: =AM47/24*E47 -> 0 | AH47: 44741 | AI47: 0 | AJ47: 0 | AK47: 0 | AN47: Is considered as condensate at the GP report. | CJ47: =+IF(D47="SI",0,AI47*AJ47/100) -> 0 | CU47: KHALDA_WELL41 | CV47: =REPORTDATE-1 -> 46298 | CW47: =$CT$3&B47 -> 9AG-87 | CX47: =I47 -> OPEN | CY47: =J47 -> 240 | CZ47: =E47 -> 0 | DA47: =IF(CZ47=0,"SI",D47) -> SI | DC47: =E47*((H47*1000)/24) -> 0 | DD47: =N47 -> 0 | DE47: =V47 -> 0 | DF47: =W47 -> 0 | DG47: =X47 -> 0 | DH47: =Z47 -> 0 | DI47: =AD47 -> 0 | DL47: =AE47 -> 0 | DM47: =AG47 -> 0 | DN47: =IF(G47="","",G47) | DO47: =AM47/24*HOURS -> 0 | DP47: =IF(OR(D47="SI",B47="",D47="T&A"),"",VLOOKUP(B47,WELL_FIELD,2)) | EB47: =IF(B47="","","KHALDA_WELL") -> KHALDA_WELL | EC47: =REPORTDATE-1 -> 46298 | ED47: =B47 -> AG-87 | EE47: =I47 -> OPEN | EF47: =J47 -> 240 | EG47: =E47 -> 0 | EH47: =IF(CZ47=0,"SI",D47) -> SI | EK47: =IF(G47="","",G47) | EL47: =AJ47 -> 0 | EM47: =W47 -> 0 | EQ47: =Y47 -> 0 | ER47: =Z47 -> 0 | ES47: =X47 -> 0 | ET47: =AD47 -> 0 | EX47: =AE47 -> 0 | EZ47: =S47 -> 0 | FA47: =T47 -> 0 | FB47: =U47 -> 0 | FD47: =AN47 -> Is considered as condensate at the GP report.
B48: AG-88 | C48: ARG | D48: SI | E48: 0 | F48: =IF(E48=0,0,((AI48*(1-(AJ48/100)))/24)*(24-HOURS)) -> 0 | H48: 0 | I48: NO P.CK | J48: 0 | K48: 0 | L48: 0 | O48: 21/2/2020 | P48: 1748 | Q48: 7609 | R48: 9357 | AF48: =AK48/24*E48 -> 0 | AG48: =AM48/24*E48 -> 0 | AH48: 45157 | AI48: 63 | AJ48: 6.3 | AK48: 0.417 | AM48: =IF(BFPD=0,0,BFPD*(1-BSW/100)) -> 59.031 | CJ48: =+IF(D48="SI",0,AI48*AJ48/100) -> 0 | CU48: KHALDA_WELL42 | CV48: =REPORTDATE-1 -> 46298 | CW48: =$CT$3&B48 -> 9AG-88 | CX48: =I48 -> NO P.CK | CY48: =J48 -> 0 | CZ48: =E48 -> 0 | DA48: =IF(CZ48=0,"SI",D48) -> SI | DC48: =E48*((H48*1000)/24) -> 0 | DD48: =N48 -> 0 | DE48: =V48 -> 0 | DF48: =W48 -> 0 | DG48: =X48 -> 0 | DH48: =Z48 -> 0 | DI48: =AD48 -> 0 | DL48: =AE48 -> 0 | DM48: =AG48 -> 0 | DN48: =IF(G48="","",G48) | DO48: =AM48/24*HOURS -> 0 | DP48: =IF(OR(D48="SI",B48="",D48="T&A"),"",VLOOKUP(B48,WELL_FIELD,2)) | EB48: =IF(B48="","","KHALDA_WELL") -> KHALDA_WELL | EC48: =REPORTDATE-1 -> 46298 | ED48: =B48 -> AG-88 | EE48: =I48 -> NO P.CK | EF48: =J48 -> 0 | EG48: =E48 -> 0 | EH48: =IF(CZ48=0,"SI",D48) -> SI | EK48: =IF(G48="","",G48) | EL48: =AJ48 -> 6.3 | EM48: =W48 -> 0 | EQ48: =Y48 -> 0 | ER48: =Z48 -> 0 | ES48: =X48 -> 0 | ET48: =AD48 -> 0 | EX48: =AE48 -> 0 | EZ48: =S48 -> 0 | FA48: =T48 -> 0 | FB48: =U48 -> 0 | FD48: =AN48 -> 0
B49: AG-90 | C49: LBAH | D49: G/L | E49: 24 | F49: =IF(E49=0,0,((AI49*(1-(AJ49/100)))/24)*(24-HOURS)) -> 0 | H49: 1.430716 | I49: NO P.CK | J49: 260 | K49: 250 | L49: 630 | AF49: =AK49/24*E49 -> 0.123 | AG49: =AM49/24*E49 -> 88.66 | AH49: 46268 | AI49: 403 | AJ49: 78 | AK49: 0.123 | AL49: 103000 | AM49: =IF(BFPD=0,0,BFPD*(1-BSW/100)) -> 88.66 | CJ49: =+IF(D49="SI",0,AI49*AJ49/100) -> 314.34 | CU49: KHALDA_WELL44 | CV49: =REPORTDATE-1 -> 46298 | CW49: =$CT$3&B49 -> 9AG-90 | CX49: =I49 -> NO P.CK | CY49: =J49 -> 260 | CZ49: =E49 -> 24 | DA49: =IF(CZ49=0,"SI",D49) -> G/L | DC49: =E49*((H49*1000)/24) -> 1430.716 | DD49: =N49 -> 0 | DE49: =V49 -> 0 | DF49: =W49 -> 0 | DG49: =X49 -> 0 | DH49: =Z49 -> 0 | DI49: =AD49 -> 0 | DL49: =AE49 -> 0 | DM49: =AG49 -> 88.66 | DN49: =IF(G49="","",G49) | DO49: =AM49/24*HOURS -> 88.66 | DP49: =IF(OR(D49="SI",B49="",D49="T&A"),"",VLOOKUP(B49,WELL_FIELD,2)) -> SAG | EB49: =IF(B49="","","KHALDA_WELL") -> KHALDA_WELL | EC49: =REPORTDATE-1 -> 46298 | ED49: =B49 -> AG-90 | EE49: =I49 -> NO P.CK | EF49: =J49 -> 260 | EG49: =E49 -> 24 | EH49: =IF(CZ49=0,"SI",D49) -> G/L | EK49: =IF(G49="","",G49) | EL49: =AJ49 -> 78 | EM49: =W49 -> 0 | EQ49: =Y49 -> 0 | ER49: =Z49 -> 0 | ES49: =X49 -> 0 | ET49: =AD49 -> 0 | EX49: =AE49 -> 0 | EZ49: =S49 -> 0 | FA49: =T49 -> 0 | FB49: =U49 -> 0 | FD49: =AN49 -> 0
B50: AG-91 | C50: ARG | D50: SI | E50: 0 | F50: =IF(E50=0,0,((AI50*(1-(AJ50/100)))/24)*(24-HOURS)) -> 0 | H50: 0 | I50: NO P.CK | J50: 0 | K50: 0 | L50: 0 | AF50: =AK50/24*E50 -> 0 | AG50: =AM50/24*E50 -> 0 | AH50: 44965 | AI50: 15 | AJ50: 13 | AK50: 0.249 | AL50: 48000 | AM50: =IF(BFPD=0,0,BFPD*(1-BSW/100)) -> 13.05 | CJ50: =+IF(D50="SI",0,AI50*AJ50/100) -> 0 | CU50: KHALDA_WELL45 | CV50: =REPORTDATE-1 -> 46298 | CW50: =$CT$3&B50 -> 9AG-91 | CX50: =I50 -> NO P.CK | CY50: =J50 -> 0 | CZ50: =E50 -> 0 | DA50: =IF(CZ50=0,"SI",D50) -> SI | DC50: =E50*((H50*1000)/24) -> 0 | DD50: =N50 -> 0 | DE50: =V50 -> 0 | DF50: =W50 -> 0 | DG50: =X50 -> 0 | DH50: =Z50 -> 0 | DI50: =AD50 -> 0 | DL50: =AE50 -> 0 | DM50: =AG50 -> 0 | DN50: =IF(G50="","",G50) | DO50: =AM50/24*HOURS -> 0 | DP50: =IF(OR(D50="SI",B50="",D50="T&A"),"",VLOOKUP(B50,WELL_FIELD,2)) | EB50: =IF(B50="","","KHALDA_WELL") -> KHALDA_WELL | EC50: =REPORTDATE-1 -> 46298 | ED50: =B50 -> AG-91 | EE50: =I50 -> NO P.CK | EF50: =J50 -> 0 | EG50: =E50 -> 0 | EH50: =IF(CZ50=0,"SI",D50) -> SI | EK50: =IF(G50="","",G50) | EL50: =AJ50 -> 13 | EM50: =W50 -> 0 | EQ50: =Y50 -> 0 | ER50: =Z50 -> 0 | ES50: =X50 -> 0 | ET50: =AD50 -> 0 | EX50: =AE50 -> 0 | EZ50: =S50 -> 0 | FA50: =T50 -> 0 | FB50: =U50 -> 0 | FD50: =AN50 -> 0
B51: AG-96 | C51: ARG | D51: SI | E51: 0 | F51: =IF(E51=0,0,((AI51*(1-(AJ51/100)))/24)*(24-HOURS)) -> 0 | I51: OPEN | J51: 220 | K51: 180 | L51: 0 | AF51: =AK51/24*E51 -> 0 | AG51: =AM51/24*E51 -> 0 | AH51: 44487 | AI51: 0 | AJ51: 0 | AK51: 0 | AN51: Is considered as condensate at the GP report. | CJ51: =+IF(D51="SI",0,AI51*AJ51/100) -> 0 | CU51: KHALDA_WELL46 | CV51: =REPORTDATE-1 -> 46298 | CW51: =$CT$3&B51 -> 9AG-96 | CX51: =I51 -> OPEN | CY51: =J51 -> 220 | CZ51: =E51 -> 0 | DA51: =IF(CZ51=0,"SI",D51) -> SI | DC51: =E51*((H51*1000)/24) -> 0 | DD51: =N51 -> 0 | DE51: =V51 -> 0 | DF51: =W51 -> 0 | DG51: =X51 -> 0 | DH51: =Z51 -> 0 | DI51: =AD51 -> 0 | DL51: =AE51 -> 0 | DM51: =AG51 -> 0 | DN51: =IF(G51="","",G51) | DO51: =AM51/24*HOURS -> 0 | DP51: =IF(OR(D51="SI",B51="",D51="T&A"),"",VLOOKUP(B51,WELL_FIELD,2)) | EB51: =IF(B51="","","KHALDA_WELL") -> KHALDA_WELL | EC51: =REPORTDATE-1 -> 46298 | ED51: =B51 -> AG-96 | EE51: =I51 -> OPEN | EF51: =J51 -> 220 | EG51: =E51 -> 0 | EH51: =IF(CZ51=0,"SI",D51) -> SI | EK51: =IF(G51="","",G51) | EL51: =AJ51 -> 0 | EM51: =W51 -> 0 | EQ51: =Y51 -> 0 | ER51: =Z51 -> 0 | ES51: =X51 -> 0 | ET51: =AD51 -> 0 | EX51: =AE51 -> 0 | EZ51: =S51 -> 0 | FA51: =T51 -> 0 | FB51: =U51 -> 0 | FD51: =AN51 -> Is considered as condensate at the GP report.
B52: AG-97 | C52: ARG | D52: SI | E52: 0 | F52: =IF(E52=0,0,((AI52*(1-(AJ52/100)))/24)*(24-HOURS)) -> 0 | I52: NO P.CK | J52: 0 | K52: 0 | L52: 0 | O52: 25/8/2020 | P52: 7272 | Q52: 1737 | R52: 9009 | S52: 0 | T52: 0 | U52: 0 | X52: 144 | Y52: 6.3 | Z52: 26/8/2016 | AF52: =AK52/24*E52 -> 0 | AG52: =AM52/24*E52 -> 0 | AH52: 44341 | AI52: 0 | AJ52: 0 | AK52: 0 | AM52: =IF(BFPD=0,0,BFPD*(1-BSW/100)) -> 0 | CJ52: =+IF(D52="SI",0,AI52*AJ52/100) -> 0 | CU52: KHALDA_WELL47 | CV52: =REPORTDATE-1 -> 46298 | CW52: =$CT$3&B52 -> 9AG-97 | CX52: =I52 -> NO P.CK | CY52: =J52 -> 0 | CZ52: =E52 -> 0 | DA52: =IF(CZ52=0,"SI",D52) -> SI | DC52: =E52*((H52*1000)/24) -> 0 | DD52: =N52 -> 0 | DE52: =V52 -> 0 | DF52: =W52 -> 0 | DG52: =X52 -> 144 | DH52: =Z52 -> 26/8/2016 | DI52: =AD52 -> 0 | DL52: =AE52 -> 0 | DM52: =AG52 -> 0 | DN52: =IF(G52="","",G52) | DO52: =AM52/24*HOURS -> 0 | DP52: =IF(OR(D52="SI",B52="",D52="T&A"),"",VLOOKUP(B52,WELL_FIELD,2)) | EB52: =IF(B52="","","KHALDA_WELL") -> KHALDA_WELL | EC52: =REPORTDATE-1 -> 46298 | ED52: =B52 -> AG-97 | EE52: =I52 -> NO P.CK | EF52: =J52 -> 0 | EG52: =E52 -> 0 | EH52: =IF(CZ52=0,"SI",D52) -> SI | EK52: =IF(G52="","",G52) | EL52: =AJ52 -> 0 | EM52: =W52 -> 0 | EQ52: =Y52 -> 6.3 | ER52: =Z52 -> 26/8/2016 | ES52: =X52 -> 144 | ET52: =AD52 -> 0 | EX52: =AE52 -> 0 | EZ52: =S52 -> 0 | FA52: =T52 -> 0 | FB52: =U52 -> 0 | FD52: =AN52 -> 0
B53: AG-100 | C53: ARE | D53: SI | E53: 0 | F53: =IF(E53=0,0,((AI53*(1-(AJ53/100)))/24)*(24-HOURS)) -> 0 | I53: NO P.CK | J53: 1350 | K53: 180 | L53: 0 | AF53: =AK53/24*E53 -> 0 | AG53: =AM53/24*E53 -> 0 | AH53: 43856 | AI53: 0 | AJ53: 0 | AK53: 0 | AM53: =IF(BFPD=0,0,BFPD*(1-BSW/100)) -> 0 | CJ53: =+IF(D53="SI",0,AI53*AJ53/100) -> 0 | CU53: KHALDA_WELL48 | CV53: =REPORTDATE-1 -> 46298 | CW53: =$CT$3&B53 -> 9AG-100 | CX53: =I53 -> NO P.CK | CY53: =J53 -> 1350 | CZ53: =E53 -> 0 | DA53: =IF(CZ53=0,"SI",D53) -> SI | DC53: =E53*((H53*1000)/24) -> 0 | DD53: =N53 -> 0 | DE53: =V53 -> 0 | DF53: =W53 -> 0 | DG53: =X53 -> 0 | DH53: =Z53 -> 0 | DI53: =AD53 -> 0 | DL53: =AE53 -> 0 | DM53: =AG53 -> 0 | DN53: =IF(G53="","",G53) | DO53: =AM53/24*HOURS -> 0 | DP53: =IF(OR(D53="SI",B53="",D53="T&A"),"",VLOOKUP(B53,WELL_FIELD,2)) | EB53: =IF(B53="","","KHALDA_WELL") -> KHALDA_WELL | EC53: =REPORTDATE-1 -> 46298 | ED53: =B53 -> AG-100 | EE53: =I53 -> NO P.CK | EF53: =J53 -> 1350 | EG53: =E53 -> 0 | EH53: =IF(CZ53=0,"SI",D53) -> SI | EK53: =IF(G53="","",G53) | EL53: =AJ53 -> 0 | EM53: =W53 -> 0 | EQ53: =Y53 -> 0 | ER53: =Z53 -> 0 | ES53: =X53 -> 0 | ET53: =AD53 -> 0 | EX53: =AE53 -> 0 | EZ53: =S53 -> 0 | FA53: =T53 -> 0 | FB53: =U53 -> 0 | FD53: =AN53 -> 0
B54: AG-101 | C54: UBAH | D54: SI | E54: 0 | F54: =IF(E54=0,0,((AI54*(1-(AJ54/100)))/24)*(24-HOURS)) -> 0 | I54: 32 | J54: 250 | K54: 180 | L54: 0 | AF54: =AK54/24*E54 -> 0 | AG54: =AM54/24*E54 -> 0 | AH54: 43827 | AI54: 0 | AJ54: 0 | AK54: 0.157 | AM54: =IF(BFPD=0,0,BFPD*(1-BSW/100)) -> 0 | CJ54: =+IF(D54="SI",0,AI54*AJ54/100) -> 0 | CU54: KHALDA_WELL49 | CV54: =REPORTDATE-1 -> 46298 | CW54: =$CT$3&B54 -> 9AG-101 | CX54: =I54 -> 32 | CY54: =J54 -> 250 | CZ54: =E54 -> 0 | DA54: =IF(CZ54=0,"SI",D54) -> SI | DC54: =E54*((H54*1000)/24) -> 0 | DD54: =N54 -> 0 | DE54: =V54 -> 0 | DF54: =W54 -> 0 | DG54: =X54 -> 0 | DH54: =Z54 -> 0 | DI54: =AD54 -> 0 | DL54: =AE54 -> 0 | DM54: =AG54 -> 0 | DN54: =IF(G54="","",G54) | DO54: =AM54/24*HOURS -> 0 | DP54: =IF(OR(D54="SI",B54="",D54="T&A"),"",VLOOKUP(B54,WELL_FIELD,2)) | EB54: =IF(B54="","","KHALDA_WELL") -> KHALDA_WELL | EC54: =REPORTDATE-1 -> 46298 | ED54: =B54 -> AG-101 | EE54: =I54 -> 32 | EF54: =J54 -> 250 | EG54: =E54 -> 0 | EH54: =IF(CZ54=0,"SI",D54) -> SI | EK54: =IF(G54="","",G54) | EL54: =AJ54 -> 0 | EM54: =W54 -> 0 | EQ54: =Y54 -> 0 | ER54: =Z54 -> 0 | ES54: =X54 -> 0 | ET54: =AD54 -> 0 | EX54: =AE54 -> 0 | EZ54: =S54 -> 0 | FA54: =T54 -> 0 | FB54: =U54 -> 0 | FD54: =AN54 -> 0
B55: AG-102 | C55: ARG | D55: SRP | E55: 24 | F55: =IF(E55=0,0,((AI55*(1-(AJ55/100)))/24)*(24-HOURS)) -> 0 | I55: NO P.CK | J55: 220 | K55: 220 | L55: 0 | O55: 46293 | P55: 8073 | Q55: 891 | R55: 9179 | S55: 89 | T55: 58 | U55: 92 | X55: 106 | Y55: 5.4 | Z55: 28/7/2019 | AF55: =AK55/24*E55 -> 0 | AG55: =AM55/24*E55 -> 37.62 | AH55: 46222 | AI55: 38 | AJ55: 1 | AK55: 0 | AM55: =IF(BFPD=0,0,BFPD*(1-BSW/100)) -> 37.62 | CJ55: =+IF(D55="SI",0,AI55*AJ55/100) -> 0.38 | CU55: KHALDA_WELL50 | CV55: =REPORTDATE-1 -> 46298 | CW55: =$CT$3&B55 -> 9AG-102 | CX55: =I55 -> NO P.CK | CY55: =J55 -> 220 | CZ55: =E55 -> 24 | DA55: =IF(CZ55=0,"SI",D55) -> SRP | DC55: =E55*((H55*1000)/24) -> 0 | DD55: =N55 -> 0 | DE55: =V55 -> 0 | DF55: =W55 -> 0 | DG55: =X55 -> 106 | DH55: =Z55 -> 28/7/2019 | DI55: =AD55 -> 0 | DL55: =AE55 -> 0 | DM55: =AG55 -> 37.62 | DN55: =IF(G55="","",G55) | DO55: =AM55/24*HOURS -> 37.62 | DP55: =IF(OR(D55="SI",B55="",D55="T&A"),"",VLOOKUP(B55,WELL_FIELD,2)) -> SAG | EB55: =IF(B55="","","KHALDA_WELL") -> KHALDA_WELL | EC55: =REPORTDATE-1 -> 46298 | ED55: =B55 -> AG-102 | EE55: =I55 -> NO P.CK | EF55: =J55 -> 220 | EG55: =E55 -> 24 | EH55: =IF(CZ55=0,"SI",D55) -> SRP | EK55: =IF(G55="","",G55) | EL55: =AJ55 -> 1 | EM55: =W55 -> 0 | EQ55: =Y55 -> 5.4 | ER55: =Z55 -> 28/7/2019 | ES55: =X55 -> 106 | ET55: =AD55 -> 0 | EX55: =AE55 -> 0 | EZ55: =S55 -> 89 | FA55: =T55 -> 58 | FB55: =U55 -> 92 | FD55: =AN55 -> 0
B56: AG-103 | C56: ARG | D56: SRP | E56: 24 | F56: =IF(E56=0,0,((AI56*(1-(AJ56/100)))/24)*(24-HOURS)) -> 0 | I56: NO P.CK | J56: 0 | K56: 0 | L56: 0 | O56: 46293 | P56: 6468 | Q56: 2653 | R56: 9121 | S56: 0 | T56: 0 | U56: 0 | X56: 144 | Y56: 5 | Z56: 43136 | AF56: =AK56/24*E56 -> 0 | AG56: =AM56/24*E56 -> 9.6 | AH56: 44432 | AI56: 10 | AJ56: 4 | AK56: 0 | AM56: =IF(BFPD=0,0,BFPD*(1-BSW/100)) -> 9.6 | CJ56: =+IF(D56="SI",0,AI56*AJ56/100) -> 0.4 | CU56: KHALDA_WELL51 | CV56: =REPORTDATE-1 -> 46298 | CW56: =$CT$3&B56 -> 9AG-103 | CX56: =I56 -> NO P.CK | CY56: =J56 -> 0 | CZ56: =E56 -> 24 | DA56: =IF(CZ56=0,"SI",D56) -> SRP | DC56: =E56*((H56*1000)/24) -> 0 | DD56: =N56 -> 0 | DE56: =V56 -> 0 | DF56: =W56 -> 0 | DG56: =X56 -> 144 | DH56: =Z56 -> 43136 | DI56: =AD56 -> 0 | DL56: =AE56 -> 0 | DM56: =AG56 -> 9.6 | DN56: =IF(G56="","",G56) | DO56: =AM56/24*HOURS -> 9.6 | DP56: =IF(OR(D56="SI",B56="",D56="T&A"),"",VLOOKUP(B56,WELL_FIELD,2)) -> AG | EB56: =IF(B56="","","KHALDA_WELL") -> KHALDA_WELL | EC56: =REPORTDATE-1 -> 46298 | ED56: =B56 -> AG-103 | EE56: =I56 -> NO P.CK | EF56: =J56 -> 0 | EG56: =E56 -> 24 | EH56: =IF(CZ56=0,"SI",D56) -> SRP | EK56: =IF(G56="","",G56) | EL56: =AJ56 -> 4 | EM56: =W56 -> 0 | EQ56: =Y56 -> 5 | ER56: =Z56 -> 43136 | ES56: =X56 -> 144 | ET56: =AD56 -> 0 | EX56: =AE56 -> 0 | EZ56: =S56 -> 0 | FA56: =T56 -> 0 | FB56: =U56 -> 0 | FD56: =AN56 -> 0
B57: AG-104 | C57: BAH | D57: SI | E57: 0 | F57: =IF(E57=0,0,((AI57*(1-(AJ57/100)))/24)*(24-HOURS)) -> 0 | I57: OPEN | J57: 210 | K57: 190 | L57: 210 | AF57: =AK57/24*E57 -> 0 | AG57: =AM57/24*E57 -> 0 | AH57: 46223 | AI57: 42 | AJ57: 63.7 | AK57: 1.8954545 | AN57: Gas well | CJ57: =+IF(D57="SI",0,AI57*AJ57/100) -> 0 | CU57: KHALDA_WELL52 | CV57: =REPORTDATE-1 -> 46298 | CW57: =$CT$3&B57 -> 9AG-104 | CX57: =I57 -> OPEN | CY57: =J57 -> 210 | CZ57: =E57 -> 0 | DA57: =IF(CZ57=0,"SI",D57) -> SI | DC57: =E57*((H57*1000)/24) -> 0 | DD57: =N57 -> 0 | DE57: =V57 -> 0 | DF57: =W57 -> 0 | DG57: =X57 -> 0 | DH57: =Z57 -> 0 | DI57: =AD57 -> 0 | DL57: =AE57 -> 0 | DM57: =AG57 -> 0 | DN57: =IF(G57="","",G57) | DO57: =AM57/24*HOURS -> 0 | DP57: =IF(OR(D57="SI",B57="",D57="T&A"),"",VLOOKUP(B57,WELL_FIELD,2)) | EB57: =IF(B57="","","KHALDA_WELL") -> KHALDA_WELL | EC57: =REPORTDATE-1 -> 46298 | ED57: =B57 -> AG-104 | EE57: =I57 -> OPEN | EF57: =J57 -> 210 | EG57: =E57 -> 0 | EH57: =IF(CZ57=0,"SI",D57) -> SI | EK57: =IF(G57="","",G57) | EL57: =AJ57 -> 63.7 | EM57: =W57 -> 0 | EQ57: =Y57 -> 0 | ER57: =Z57 -> 0 | ES57: =X57 -> 0 | ET57: =AD57 -> 0 | EX57: =AE57 -> 0 | EZ57: =S57 -> 0 | FA57: =T57 -> 0 | FB57: =U57 -> 0 | FD57: =AN57 -> Gas well
B58: AG-106 | C58: ARG | D58: SI | E58: 0 | F58: =IF(E58=0,0,((AI58*(1-(AJ58/100)))/24)*(24-HOURS)) -> 0 | I58: NO P.CK | J58: 340 | K58: 180 | L58: 180 | O58: 16/6/2022 | P58: 7418 | Q58: 251 | R58: 7670 | X58: 144 | Y58: 5.5 | Z58: 44318 | AF58: =AK58/24*E58 -> 0 | AG58: =AM58/24*E58 -> 0 | AH58: 46067 | AI58: 0 | AK58: 0 | AM58: =IF(BFPD=0,0,BFPD*(1-BSW/100)) -> 0 | CJ58: =+IF(D58="SI",0,AI58*AJ58/100) -> 0 | CU58: KHALDA_WELL53 | CV58: =REPORTDATE-1 -> 46298 | CW58: =$CT$3&B58 -> 9AG-106 | CX58: =I58 -> NO P.CK | CY58: =J58 -> 340 | CZ58: =E58 -> 0 | DA58: =IF(CZ58=0,"SI",D58) -> SI | DC58: =E58*((H58*1000)/24) -> 0 | DD58: =N58 -> 0 | DE58: =V58 -> 0 | DF58: =W58 -> 0 | DG58: =X58 -> 144 | DH58: =Z58 -> 44318 | DI58: =AD58 -> 0 | DL58: =AE58 -> 0 | DM58: =AG58 -> 0 | DN58: =IF(G58="","",G58) | DO58: =AM58/24*HOURS -> 0 | DP58: =IF(OR(D58="SI",B58="",D58="T&A"),"",VLOOKUP(B58,WELL_FIELD,2)) | EB58: =IF(B58="","","KHALDA_WELL") -> KHALDA_WELL | EC58: =REPORTDATE-1 -> 46298 | ED58: =B58 -> AG-106 | EE58: =I58 -> NO P.CK | EF58: =J58 -> 340 | EG58: =E58 -> 0 | EH58: =IF(CZ58=0,"SI",D58) -> SI | EK58: =IF(G58="","",G58) | EL58: =AJ58 -> 0 | EM58: =W58 -> 0 | EQ58: =Y58 -> 5.5 | ER58: =Z58 -> 44318 | ES58: =X58 -> 144 | ET58: =AD58 -> 0 | EX58: =AE58 -> 0 | EZ58: =S58 -> 0 | FA58: =T58 -> 0 | FB58: =U58 -> 0 | FD58: =AN58 -> 0
B59: AG-107 | C59: ARD | D59: SI | E59: 0 | F59: =IF(E59=0,0,((AI59*(1-(AJ59/100)))/24)*(24-HOURS)) -> 0 | H59: 0 | I59: NO P.CK | J59: 0 | K59: 0 | L59: 0 | AB59: 11.3 | AF59: =AK59/24*E59 -> 0 | AG59: =AM59/24*E59 -> 0 | AH59: 44575 | AI59: 195 | AJ59: 90.3 | AK59: 0.047 | AM59: =IF(BFPD=0,0,BFPD*(1-BSW/100)) -> 18.915 | CJ59: =+IF(D59="SI",0,AI59*AJ59/100) -> 0 | CU59: KHALDA_WELL54 | CV59: =REPORTDATE-1 -> 46298 | CW59: =$CT$3&B59 -> 9AG-107 | CX59: =I59 -> NO P.CK | CY59: =J59 -> 0 | CZ59: =E59 -> 0 | DA59: =IF(CZ59=0,"SI",D59) -> SI | DC59: =E59*((H59*1000)/24) -> 0 | DD59: =N59 -> 0 | DE59: =V59 -> 0 | DF59: =W59 -> 0 | DG59: =X59 -> 0 | DH59: =Z59 -> 0 | DI59: =AD59 -> 0 | DL59: =AE59 -> 0 | DM59: =AG59 -> 0 | DN59: =IF(G59="","",G59) | DO59: =AM59/24*HOURS -> 0 | DP59: =IF(OR(D59="SI",B59="",D59="T&A"),"",VLOOKUP(B59,WELL_FIELD,2)) | EB59: =IF(B59="","","KHALDA_WELL") -> KHALDA_WELL | EC59: =REPORTDATE-1 -> 46298 | ED59: =B59 -> AG-107 | EE59: =I59 -> NO P.CK | EF59: =J59 -> 0 | EG59: =E59 -> 0 | EH59: =IF(CZ59=0,"SI",D59) -> SI | EK59: =IF(G59="","",G59) | EL59: =AJ59 -> 90.3 | EM59: =W59 -> 0 | EQ59: =Y59 -> 0 | ER59: =Z59 -> 0 | ES59: =X59 -> 0 | ET59: =AD59 -> 0 | EX59: =AE59 -> 0 | EZ59: =S59 -> 0 | FA59: =T59 -> 0 | FB59: =U59 -> 0 | FD59: =AN59 -> 0
B60: AG-108 | C60: ARC | D60: SI | E60: 0 | F60: =IF(E60=0,0,((AI60*(1-(AJ60/100)))/24)*(24-HOURS)) -> 0 | H60: 0 | I60: NO P.CK | J60: 0 | K60: 0 | L60: 0 | AF60: =AK60/24*E60 -> 0 | AG60: =AM60/24*E60 -> 0 | AH60: 43835 | AI60: 0 | AJ60: 0 | AK60: 0 | AM60: =IF(BFPD=0,0,BFPD*(1-BSW/100)) -> 0 | CJ60: =+IF(D60="SI",0,AI60*AJ60/100) -> 0 | CU60: KHALDA_WELL55 | CV60: =REPORTDATE-1 -> 46298 | CW60: =$CT$3&B60 -> 9AG-108 | CX60: =I60 -> NO P.CK | CY60: =J60 -> 0 | CZ60: =E60 -> 0 | DA60: =IF(CZ60=0,"SI",D60) -> SI | DC60: =E60*((H60*1000)/24) -> 0 | DD60: =N60 -> 0 | DE60: =V60 -> 0 | DF60: =W60 -> 0 | DG60: =X60 -> 0 | DH60: =Z60 -> 0 | DI60: =AD60 -> 0 | DL60: =AE60 -> 0 | DM60: =AG60 -> 0 | DN60: =IF(G60="","",G60) | DO60: =AM60/24*HOURS -> 0 | DP60: =IF(OR(D60="SI",B60="",D60="T&A"),"",VLOOKUP(B60,WELL_FIELD,2)) | EB60: =IF(B60="","","KHALDA_WELL") -> KHALDA_WELL | EC60: =REPORTDATE-1 -> 46298 | ED60: =B60 -> AG-108 | EE60: =I60 -> NO P.CK | EF60: =J60 -> 0 | EG60: =E60 -> 0 | EH60: =IF(CZ60=0,"SI",D60) -> SI | EK60: =IF(G60="","",G60) | EL60: =AJ60 -> 0 | EM60: =W60 -> 0 | EQ60: =Y60 -> 0 | ER60: =Z60 -> 0 | ES60: =X60 -> 0 | ET60: =AD60 -> 0 | EX60: =AE60 -> 0 | EZ60: =S60 -> 0 | FA60: =T60 -> 0 | FB60: =U60 -> 0 | FD60: =AN60 -> 0
B61: AG-110 | C61: ARD | D61: SI | E61: 0 | F61: =IF(E61=0,0,((AI61*(1-(AJ61/100)))/24)*(24-HOURS)) -> 0 | I61: NO P.CK | J61: 230 | K61: 180 | L61: 0 | AB61: 20.9 | AF61: =AK61/24*E61 -> 0 | AG61: =AM61/24*E61 -> 0 | AH61: 46129 | AI61: 0 | AK61: 0.345 | AL61: 18000 | AM61: =IF(BFPD=0,0,BFPD*(1-BSW/100)) -> 0 | CJ61: =+IF(D61="SI",0,AI61*AJ61/100) -> 0 | CU61: KHALDA_WELL56 | CV61: =REPORTDATE-1 -> 46298 | CW61: =$CT$3&B61 -> 9AG-110 | CX61: =I61 -> NO P.CK | CY61: =J61 -> 230 | CZ61: =E61 -> 0 | DA61: =IF(CZ61=0,"SI",D61) -> SI | DC61: =E61*((H61*1000)/24) -> 0 | DD61: =N61 -> 0 | DE61: =V61 -> 0 | DF61: =W61 -> 0 | DG61: =X61 -> 0 | DH61: =Z61 -> 0 | DI61: =AD61 -> 0 | DL61: =AE61 -> 0 | DM61: =AG61 -> 0 | DN61: =IF(G61="","",G61) | DO61: =AM61/24*HOURS -> 0 | DP61: =IF(OR(D61="SI",B61="",D61="T&A"),"",VLOOKUP(B61,WELL_FIELD,2)) | EB61: =IF(B61="","","KHALDA_WELL") -> KHALDA_WELL | EC61: =REPORTDATE-1 -> 46298 | ED61: =B61 -> AG-110 | EE61: =I61 -> NO P.CK | EF61: =J61 -> 230 | EG61: =E61 -> 0 | EH61: =IF(CZ61=0,"SI",D61) -> SI | EK61: =IF(G61="","",G61) | EL61: =AJ61 -> 0 | EM61: =W61 -> 0 | EQ61: =Y61 -> 0 | ER61: =Z61 -> 0 | ES61: =X61 -> 0 | ET61: =AD61 -> 0 | EX61: =AE61 -> 0 | EZ61: =S61 -> 0 | FA61: =T61 -> 0 | FB61: =U61 -> 0 | FD61: =AN61 -> 0
B62: AG-115H | C62: ARD | D62: G/L | E62: 24 | F62: =IF(E62=0,0,((AI62*(1-(AJ62/100)))/24)*(24-HOURS)) -> 0 | H62: 0.81409522 | I62: NO P.CK | J62: 220 | K62: 200 | L62: 580 | AF62: =AK62/24*E62 -> 0.904 | AG62: =AM62/24*E62 -> 537.744 | AH62: 46298 | AI62: 816 | AJ62: 34.1 | AK62: 0.904 | AL62: 45000 | AM62: =IF(BFPD=0,0,BFPD*(1-BSW/100)) -> 537.744 | CJ62: =+IF(D62="SI",0,AI62*AJ62/100) -> 278.256 | CU62: KHALDA_WELL57 | CV62: =REPORTDATE-1 -> 46298 | CW62: =$CT$3&B62 -> 9AG-115H | CX62: =I62 -> NO P.CK | CY62: =J62 -> 220 | CZ62: =E62 -> 24 | DA62: =IF(CZ62=0,"SI",D62) -> G/L | DC62: =E62*((H62*1000)/24) -> 814.09522 | DD62: =N62 -> 0 | DE62: =V62 -> 0 | DF62: =W62 -> 0 | DG62: =X62 -> 0 | DH62: =Z62 -> 0 | DI62: =AD62 -> 0 | DL62: =AE62 -> 0 | DM62: =AG62 -> 537.744 | DN62: =IF(G62="","",G62) | DO62: =AM62/24*HOURS -> 537.744 | DP62: =IF(OR(D62="SI",B62="",D62="T&A"),"",VLOOKUP(B62,WELL_FIELD,2)) -> SAG | EB62: =IF(B62="","","KHALDA_WELL") -> KHALDA_WELL | EC62: =REPORTDATE-1 -> 46298 | ED62: =B62 -> AG-115H | EE62: =I62 -> NO P.CK | EF62: =J62 -> 220 | EG62: =E62 -> 24 | EH62: =IF(CZ62=0,"SI",D62) -> G/L | EK62: =IF(G62="","",G62) | EL62: =AJ62 -> 34.1 | EM62: =W62 -> 0 | EQ62: =Y62 -> 0 | ER62: =Z62 -> 0 | ES62: =X62 -> 0 | ET62: =AD62 -> 0 | EX62: =AE62 -> 0 | EZ62: =S62 -> 0 | FA62: =T62 -> 0 | FB62: =U62 -> 0 | FD62: =AN62 -> 0
B63: AG-116 | C63: ARG | D63: SI | E63: 0 | F63: =IF(E63=0,0,((AI63*(1-(AJ63/100)))/24)*(24-HOURS)) -> 0 | H63: 0 | I63: NO P.CK | J63: 0 | K63: 0 | L63: 0 | AF63: =AK63/24*E63 -> 0 | AG63: =AM63/24*E63 -> 0 | AH63: 43793 | AI63: 0 | AJ63: 0 | AK63: 0.811 | AM63: =IF(BFPD=0,0,BFPD*(1-BSW/100)) -> 0 | CJ63: =+IF(D63="SI",0,AI63*AJ63/100) -> 0 | CU63: KHALDA_WELL58 | CV63: =REPORTDATE-1 -> 46298 | CW63: =$CT$3&B63 -> 9AG-116 | CX63: =I63 -> NO P.CK | CY63: =J63 -> 0 | CZ63: =E63 -> 0 | DA63: =IF(CZ63=0,"SI",D63) -> SI | DC63: =E63*((H63*1000)/24) -> 0 | DD63: =N63 -> 0 | DE63: =V63 -> 0 | DF63: =W63 -> 0 | DG63: =X63 -> 0 | DH63: =Z63 -> 0 | DI63: =AD63 -> 0 | DL63: =AE63 -> 0 | DM63: =AG63 -> 0 | DN63: =IF(G63="","",G63) | DO63: =AM63/24*HOURS -> 0 | DP63: =IF(OR(D63="SI",B63="",D63="T&A"),"",VLOOKUP(B63,WELL_FIELD,2)) | EB63: =IF(B63="","","KHALDA_WELL") -> KHALDA_WELL | EC63: =REPORTDATE-1 -> 46298 | ED63: =B63 -> AG-116 | EE63: =I63 -> NO P.CK | EF63: =J63 -> 0 | EG63: =E63 -> 0 | EH63: =IF(CZ63=0,"SI",D63) -> SI | EK63: =IF(G63="","",G63) | EL63: =AJ63 -> 0 | EM63: =W63 -> 0 | EQ63: =Y63 -> 0 | ER63: =Z63 -> 0 | ES63: =X63 -> 0 | ET63: =AD63 -> 0 | EX63: =AE63 -> 0 | EZ63: =S63 -> 0 | FA63: =T63 -> 0 | FB63: =U63 -> 0 | FD63: =AN63 -> 0
B64: AG-117ST | C64: ARD | D64: SI | E64: 0 | F64: =IF(E64=0,0,((AI64*(1-(AJ64/100)))/24)*(24-HOURS)) -> 0 | H64: 0 | I64: NO P.CK | J64: 0 | K64: 0 | L64: 0 | AF64: =AK64/24*E64 -> 0 | AG64: =AM64/24*E64 -> 0 | AH64: 46067 | AI64: 0 | AJ64: 0 | AK64: 0 | AM64: =IF(BFPD=0,0,BFPD*(1-BSW/100)) -> 0 | CJ64: =+IF(D64="SI",0,AI64*AJ64/100) -> 0 | CU64: KHALDA_WELL59 | CV64: =REPORTDATE-1 -> 46298 | CW64: =$CT$3&B64 -> 9AG-117ST | CX64: =I64 -> NO P.CK | CY64: =J64 -> 0 | CZ64: =E64 -> 0 | DA64: =IF(CZ64=0,"SI",D64) -> SI | DC64: =E64*((H64*1000)/24) -> 0 | DD64: =N64 -> 0 | DE64: =V64 -> 0 | DF64: =W64 -> 0 | DG64: =X64 -> 0 | DH64: =Z64 -> 0 | DI64: =AD64 -> 0 | DL64: =AE64 -> 0 | DM64: =AG64 -> 0 | DN64: =IF(G64="","",G64) | DO64: =AM64/24*HOURS -> 0 | DP64: =IF(OR(D64="SI",B64="",D64="T&A"),"",VLOOKUP(B64,WELL_FIELD,2)) | EB64: =IF(B64="","","KHALDA_WELL") -> KHALDA_WELL | EC64: =REPORTDATE-1 -> 46298 | ED64: =B64 -> AG-117ST | EE64: =I64 -> NO P.CK | EF64: =J64 -> 0 | EG64: =E64 -> 0 | EH64: =IF(CZ64=0,"SI",D64) -> SI | EK64: =IF(G64="","",G64) | EL64: =AJ64 -> 0 | EM64: =W64 -> 0 | EQ64: =Y64 -> 0 | ER64: =Z64 -> 0 | ES64: =X64 -> 0 | ET64: =AD64 -> 0 | EX64: =AE64 -> 0 | EZ64: =S64 -> 0 | FA64: =T64 -> 0 | FB64: =U64 -> 0 | FD64: =AN64 -> 0
B65: AG-118 | C65: ARC | D65: SI | E65: 0 | F65: =IF(E65=0,0,((AI65*(1-(AJ65/100)))/24)*(24-HOURS)) -> 0 | I65: NO P.CK | J65: 0 | K65: 0 | L65: 0 | O65: 20/2/2019 | P65: 8204 | Q65: 1441 | R65: 9645 | AF65: =AK65/24*E65 -> 0 | AG65: =AM65/24*E65 -> 0 | AH65: 43388 | AI65: 25 | AJ65: 52 | AK65: 0 | AM65: =IF(BFPD=0,0,BFPD*(1-BSW/100)) -> 12 | CJ65: =+IF(D65="SI",0,AI65*AJ65/100) -> 0 | CU65: KHALDA_WELL60 | CV65: =REPORTDATE-1 -> 46298 | CW65: =$CT$3&B65 -> 9AG-118 | CX65: =I65 -> NO P.CK | CY65: =J65 -> 0 | CZ65: =E65 -> 0 | DA65: =IF(CZ65=0,"SI",D65) -> SI | DC65: =E65*((H65*1000)/24) -> 0 | DD65: =N65 -> 0 | DE65: =V65 -> 0 | DF65: =W65 -> 0 | DG65: =X65 -> 0 | DH65: =Z65 -> 0 | DI65: =AD65 -> 0 | DL65: =AE65 -> 0 | DM65: =AG65 -> 0 | DN65: =IF(G65="","",G65) | DO65: =AM65/24*HOURS -> 0 | DP65: =IF(OR(D65="SI",B65="",D65="T&A"),"",VLOOKUP(B65,WELL_FIELD,2)) | EB65: =IF(B65="","","KHALDA_WELL") -> KHALDA_WELL | EC65: =REPORTDATE-1 -> 46298 | ED65: =B65 -> AG-118 | EE65: =I65 -> NO P.CK | EF65: =J65 -> 0 | EG65: =E65 -> 0 | EH65: =IF(CZ65=0,"SI",D65) -> SI | EK65: =IF(G65="","",G65) | EL65: =AJ65 -> 52 | EM65: =W65 -> 0 | EQ65: =Y65 -> 0 | ER65: =Z65 -> 0 | ES65: =X65 -> 0 | ET65: =AD65 -> 0 | EX65: =AE65 -> 0 | EZ65: =S65 -> 0 | FA65: =T65 -> 0 | FB65: =U65 -> 0 | FD65: =AN65 -> 0
B66: AG-119 | C66: ARG | D66: SI | E66: 0 | F66: =IF(E66=0,0,((AI66*(1-(AJ66/100)))/24)*(24-HOURS)) -> 0 | H66: 0 | I66: NO P.CK | J66: 0 | K66: 0 | L66: 0 | AF66: =AK66/24*E66 -> 0 | AG66: =AM66/24*E66 -> 0 | AH66: 45318 | AI66: 13 | AJ66: 10.3 | AK66: 1.496 | AM66: =IF(BFPD=0,0,BFPD*(1-BSW/100)) -> 11.661 | CJ66: =+IF(D66="SI",0,AI66*AJ66/100) -> 0 | CU66: KHALDA_WELL61 | CV66: =REPORTDATE-1 -> 46298 | CW66: =$CT$3&B66 -> 9AG-119 | CX66: =I66 -> NO P.CK | CY66: =J66 -> 0 | CZ66: =E66 -> 0 | DA66: =IF(CZ66=0,"SI",D66) -> SI | DC66: =E66*((H66*1000)/24) -> 0 | DD66: =N66 -> 0 | DE66: =V66 -> 0 | DF66: =W66 -> 0 | DG66: =X66 -> 0 | DH66: =Z66 -> 0 | DI66: =AD66 -> 0 | DL66: =AE66 -> 0 | DM66: =AG66 -> 0 | DN66: =IF(G66="","",G66) | DO66: =AM66/24*HOURS -> 0 | DP66: =IF(OR(D66="SI",B66="",D66="T&A"),"",VLOOKUP(B66,WELL_FIELD,2)) | EB66: =IF(B66="","","KHALDA_WELL") -> KHALDA_WELL | EC66: =REPORTDATE-1 -> 46298 | ED66: =B66 -> AG-119 | EE66: =I66 -> NO P.CK | EF66: =J66 -> 0 | EG66: =E66 -> 0 | EH66: =IF(CZ66=0,"SI",D66) -> SI | EK66: =IF(G66="","",G66) | EL66: =AJ66 -> 10.3 | EM66: =W66 -> 0 | EQ66: =Y66 -> 0 | ER66: =Z66 -> 0 | ES66: =X66 -> 0 | ET66: =AD66 -> 0 | EX66: =AE66 -> 0 | EZ66: =S66 -> 0 | FA66: =T66 -> 0 | FB66: =U66 -> 0 | FD66: =AN66 -> 0
B67: AG-120 | C67: ARD | D67: SI | E67: 0 | F67: =IF(E67=0,0,((AI67*(1-(AJ67/100)))/24)*(24-HOURS)) -> 0 | I67: NO P.CK | J67: 210 | K67: 0 | L67: 0 | O67: 23/1/2020 | P67: 2652 | Q67: 6623 | R67: 9275 | AD67: 0 | AE67: 0 | AF67: =AK67/24*E67 -> 0 | AG67: =AM67/24*E67 -> 0 | AH67: 43605 | AI67: 412 | AJ67: 96.5 | AK67: 0.208 | AM67: =IF(BFPD=0,0,BFPD*(1-BSW/100)) -> 14.42 | CJ67: =+IF(D67="SI",0,AI67*AJ67/100) -> 0 | CU67: KHALDA_WELL62 | CV67: =REPORTDATE-1 -> 46298 | CW67: =$CT$3&B67 -> 9AG-120 | CX67: =I67 -> NO P.CK | CY67: =J67 -> 210 | CZ67: =E67 -> 0 | DA67: =IF(CZ67=0,"SI",D67) -> SI | DC67: =E67*((H67*1000)/24) -> 0 | DD67: =N67 -> 0 | DE67: =V67 -> 0 | DF67: =W67 -> 0 | DG67: =X67 -> 0 | DH67: =Z67 -> 0 | DI67: =AD67 -> 0 | DL67: =AE67 -> 0 | DM67: =AG67 -> 0 | DN67: =IF(G67="","",G67) | DO67: =AM67/24*HOURS -> 0 | DP67: =IF(OR(D67="SI",B67="",D67="T&A"),"",VLOOKUP(B67,WELL_FIELD,2)) | EB67: =IF(B67="","","KHALDA_WELL") -> KHALDA_WELL | EC67: =REPORTDATE-1 -> 46298 | ED67: =B67 -> AG-120 | EE67: =I67 -> NO P.CK | EF67: =J67 -> 210 | EG67: =E67 -> 0 | EH67: =IF(CZ67=0,"SI",D67) -> SI | EK67: =IF(G67="","",G67) | EL67: =AJ67 -> 96.5 | EM67: =W67 -> 0 | EQ67: =Y67 -> 0 | ER67: =Z67 -> 0 | ES67: =X67 -> 0 | ET67: =AD67 -> 0 | EX67: =AE67 -> 0 | EZ67: =S67 -> 0 | FA67: =T67 -> 0 | FB67: =U67 -> 0 | FD67: =AN67 -> 0
B68: AG-121 | C68: MULTIZONE | D68: SI | E68: 0 | F68: =IF(E68=0,0,((AI68*(1-(AJ68/100)))/24)*(24-HOURS)) -> 0 | H68: 0 | I68: NO P.CK | J68: 0 | K68: 0 | L68: 0 | O68: 18/12/2019 | P68: 7671 | Q68: 905 | R68: 8864 | AF68: =AK68/24*E68 -> 0 | AG68: =AM68/24*E68 -> 0 | AH68: 46068 | AI68: 256 | AJ68: 9 | AK68: 0.398 | AM68: =IF(BFPD=0,0,BFPD*(1-BSW/100)) -> 232.96 | CJ68: =+IF(D68="SI",0,AI68*AJ68/100) -> 0 | CU68: KHALDA_WELL63 | CV68: =REPORTDATE-1 -> 46298 | CW68: =$CT$3&B68 -> 9AG-121 | CX68: =I68 -> NO P.CK | CY68: =J68 -> 0 | CZ68: =E68 -> 0 | DA68: =IF(CZ68=0,"SI",D68) -> SI | DC68: =E68*((H68*1000)/24) -> 0 | DD68: =N68 -> 0 | DE68: =V68 -> 0 | DF68: =W68 -> 0 | DG68: =X68 -> 0 | DH68: =Z68 -> 0 | DI68: =AD68 -> 0 | DL68: =AE68 -> 0 | DM68: =AG68 -> 0 | DN68: =IF(G68="","",G68) | DO68: =AM68/24*HOURS -> 0 | DP68: =IF(OR(D68="SI",B68="",D68="T&A"),"",VLOOKUP(B68,WELL_FIELD,2)) | EB68: =IF(B68="","","KHALDA_WELL") -> KHALDA_WELL | EC68: =REPORTDATE-1 -> 46298 | ED68: =B68 -> AG-121 | EE68: =I68 -> NO P.CK | EF68: =J68 -> 0 | EG68: =E68 -> 0 | EH68: =IF(CZ68=0,"SI",D68) -> SI | EK68: =IF(G68="","",G68) | EL68: =AJ68 -> 9 | EM68: =W68 -> 0 | EQ68: =Y68 -> 0 | ER68: =Z68 -> 0 | ES68: =X68 -> 0 | ET68: =AD68 -> 0 | EX68: =AE68 -> 0 | EZ68: =S68 -> 0 | FA68: =T68 -> 0 | FB68: =U68 -> 0 | FD68: =AN68 -> 0
B69: AG-123A | C69: ARG | D69: SRP | E69: 24 | F69: =IF(E69=0,0,((AI69*(1-(AJ69/100)))/24)*(24-HOURS)) -> 0 | I69: NO P.CK | J69: 0 | K69: 0 | L69: 0 | O69: 46293 | P69: 8701 | Q69: 1643 | R69: 10345 | S69: 0 | T69: 0 | U69: 0 | X69: 102 | Y69: 5.5 | Z69: 25/7/2016 | AF69: =AK69/24*E69 -> 0 | AG69: =AM69/24*E69 -> 17.11 | AH69: 46221 | AI69: 29 | AJ69: 41 | AK69: 0 | AL69: 99000 | AM69: =IF(BFPD=0,0,BFPD*(1-BSW/100)) -> 17.11 | CJ69: =+IF(D69="SI",0,AI69*AJ69/100) -> 11.89 | CU69: KHALDA_WELL64 | CV69: =REPORTDATE-1 -> 46298 | CW69: =$CT$3&B69 -> 9AG-123A | CX69: =I69 -> NO P.CK | CY69: =J69 -> 0 | CZ69: =E69 -> 24 | DA69: =IF(CZ69=0,"SI",D69) -> SRP | DC69: =E69*((H69*1000)/24) -> 0 | DD69: =N69 -> 0 | DE69: =V69 -> 0 | DF69: =W69 -> 0 | DG69: =X69 -> 102 | DH69: =Z69 -> 25/7/2016 | DI69: =AD69 -> 0 | DL69: =AE69 -> 0 | DM69: =AG69 -> 17.11 | DN69: =IF(G69="","",G69) | DO69: =AM69/24*HOURS -> 17.11 | DP69: =IF(OR(D69="SI",B69="",D69="T&A"),"",VLOOKUP(B69,WELL_FIELD,2)) -> SAG | EB69: =IF(B69="","","KHALDA_WELL") -> KHALDA_WELL | EC69: =REPORTDATE-1 -> 46298 | ED69: =B69 -> AG-123A | EE69: =I69 -> NO P.CK | EF69: =J69 -> 0 | EG69: =E69 -> 24 | EH69: =IF(CZ69=0,"SI",D69) -> SRP | EK69: =IF(G69="","",G69) | EL69: =AJ69 -> 41 | EM69: =W69 -> 0 | EQ69: =Y69 -> 5.5 | ER69: =Z69 -> 25/7/2016 | ES69: =X69 -> 102 | ET69: =AD69 -> 0 | EX69: =AE69 -> 0 | EZ69: =S69 -> 0 | FA69: =T69 -> 0 | FB69: =U69 -> 0 | FD69: =AN69 -> 0
B70: AG-125 | C70: ARG/ARE | D70: SI | E70: 0 | F70: =IF(E70=0,0,((AI70*(1-(AJ70/100)))/24)*(24-HOURS)) -> 0 | I70: NO P.CK | J70: 230 | K70: 180 | L70: 0 | AF70: =AK70/24*E70 -> 0 | AG70: =AM70/24*E70 -> 0 | AH70: 45212 | AI70: 4 | AJ70: 7 | AK70: 0.101 | AM70: =IF(BFPD=0,0,BFPD*(1-BSW/100)) -> 3.72 | CJ70: =+IF(D70="SI",0,AI70*AJ70/100) -> 0 | CU70: KHALDA_WELL65 | CV70: =REPORTDATE-1 -> 46298 | CW70: =$CT$3&B70 -> 9AG-125 | CX70: =I70 -> NO P.CK | CY70: =J70 -> 230 | CZ70: =E70 -> 0 | DA70: =IF(CZ70=0,"SI",D70) -> SI | DC70: =E70*((H70*1000)/24) -> 0 | DD70: =N70 -> 0 | DE70: =V70 -> 0 | DF70: =W70 -> 0 | DG70: =X70 -> 0 | DH70: =Z70 -> 0 | DI70: =AD70 -> 0 | DL70: =AE70 -> 0 | DM70: =AG70 -> 0 | DN70: =IF(G70="","",G70) | DO70: =AM70/24*HOURS -> 0 | DP70: =IF(OR(D70="SI",B70="",D70="T&A"),"",VLOOKUP(B70,WELL_FIELD,2)) | EB70: =IF(B70="","","KHALDA_WELL") -> KHALDA_WELL | EC70: =REPORTDATE-1 -> 46298 | ED70: =B70 -> AG-125 | EE70: =I70 -> NO P.CK | EF70: =J70 -> 230 | EG70: =E70 -> 0 | EH70: =IF(CZ70=0,"SI",D70) -> SI | EK70: =IF(G70="","",G70) | EL70: =AJ70 -> 7 | EM70: =W70 -> 0 | EQ70: =Y70 -> 0 | ER70: =Z70 -> 0 | ES70: =X70 -> 0 | ET70: =AD70 -> 0 | EX70: =AE70 -> 0 | EZ70: =S70 -> 0 | FA70: =T70 -> 0 | FB70: =U70 -> 0 | FD70: =AN70 -> 0
B71: AG-130 | C71: MULTIZONE | D71: SRP | E71: 24 | F71: =IF(E71=0,0,((AI71*(1-(AJ71/100)))/24)*(24-HOURS)) -> 0 | I71: NO P.CK | J71: 400 | K71: 140 | L71: 150 | O71: 46262 | P71: 9202 | Q71: 218 | R71: 9947 | S71: 90 | T71: 61 | U71: 83 | W71: 1.25 | X71: 144 | Y71: 5.5 | Z71: 44257 | AF71: =AK71/24*E71 -> 0.165 | AG71: =AM71/24*E71 -> 51.48 | AH71: 46210 | AI71: 52 | AJ71: 1 | AK71: 0.165 | AM71: =IF(BFPD=0,0,BFPD*(1-BSW/100)) -> 51.48 | CJ71: =+IF(D71="SI",0,AI71*AJ71/100) -> 0.52 | CU71: KHALDA_WELL66 | CV71: =REPORTDATE-1 -> 46298 | CW71: =$CT$3&B71 -> 9AG-130 | CX71: =I71 -> NO P.CK | CY71: =J71 -> 400 | CZ71: =E71 -> 24 | DA71: =IF(CZ71=0,"SI",D71) -> SRP | DC71: =E71*((H71*1000)/24) -> 0 | DD71: =N71 -> 0 | DE71: =V71 -> 0 | DF71: =W71 -> 1.25 | DG71: =X71 -> 144 | DH71: =Z71 -> 44257 | DI71: =AD71 -> 0 | DL71: =AE71 -> 0 | DM71: =AG71 -> 51.48 | DN71: =IF(G71="","",G71) | DO71: =AM71/24*HOURS -> 51.48 | DP71: =IF(OR(D71="SI",B71="",D71="T&A"),"",VLOOKUP(B71,WELL_FIELD,2)) -> AG | EB71: =IF(B71="","","KHALDA_WELL") -> KHALDA_WELL | EC71: =REPORTDATE-1 -> 46298 | ED71: =B71 -> AG-130 | EE71: =I71 -> NO P.CK | EF71: =J71 -> 400 | EG71: =E71 -> 24 | EH71: =IF(CZ71=0,"SI",D71) -> SRP | EK71: =IF(G71="","",G71) | EL71: =AJ71 -> 1 | EM71: =W71 -> 1.25 | EQ71: =Y71 -> 5.5 | ER71: =Z71 -> 44257 | ES71: =X71 -> 144 | ET71: =AD71 -> 0 | EX71: =AE71 -> 0 | EZ71: =S71 -> 90 | FA71: =T71 -> 61 | FB71: =U71 -> 83 | FD71: =AN71 -> 0
B72: WD30 A-01A | C72: ARG | D72: G/L | E72: 24 | F72: =IF(E72=0,0,((AI72*(1-(AJ72/100)))/24)*(24-HOURS)) -> 0 | H72: 0.75865217 | I72: NO P.CK | J72: 150 | K72: 135 | L72: 350 | AF72: =AK72/24*E72 -> 0.108 | AG72: =AM72/24*E72 -> 42.57 | AH72: 46273 | AI72: 43 | AJ72: 1 | AK72: 0.108 | AM72: =IF(BFPD=0,0,BFPD*(1-BSW/100)) -> 42.57 | CU72: KHALDA_WELL67 | CV72: =REPORTDATE-1 -> 46298 | CW72: =$CT$3&B72 -> 9WD30 A-01A | CX72: =I72 -> NO P.CK | CY72: =J72 -> 150 | CZ72: =E72 -> 24 | DA72: =IF(CZ72=0,"SI",D72) -> G/L | DC72: =E72*((H72*1000)/24) -> 758.65217 | DD72: =N72 -> 0 | DE72: =V72 -> 0 | DF72: =W72 -> 0 | DG72: =X72 -> 0 | DH72: =Z72 -> 0 | DI72: =AD72 -> 0 | DL72: =AE72 -> 0 | DM72: =AG72 -> 42.57 | DN72: =IF(G72="","",G72) | DO72: =AM72/24*HOURS -> 42.57 | DP72: =IF(OR(D72="SI",B72="",D72="T&A"),"",VLOOKUP(B72,WELL_FIELD,2)) -> WD30 A | EB72: =IF(B72="","","KHALDA_WELL") -> KHALDA_WELL | EC72: =REPORTDATE-1 -> 46298 | ED72: =B72 -> WD30 A-01A | EE72: =I72 -> NO P.CK | EF72: =J72 -> 150 | EG72: =E72 -> 24 | EH72: =IF(CZ72=0,"SI",D72) -> G/L | EK72: =IF(G72="","",G72) | EL72: =AJ72 -> 1 | EM72: =W72 -> 0 | EQ72: =Y72 -> 0 | ER72: =Z72 -> 0 | ES72: =X72 -> 0 | ET72: =AD72 -> 0 | EX72: =AE72 -> 0 | EZ72: =S72 -> 0 | FA72: =T72 -> 0 | FB72: =U72 -> 0 | FD72: =AN72 -> 0
B73: AG-131 | C73: MULTIZONE | D73: G/L | E73: 24 | F73: =IF(E73=0,0,((AI73*(1-(AJ73/100)))/24)*(24-HOURS)) -> 0 | H73: 0.97 | I73: NO P.CK | J73: 170 | K73: 170 | L73: 400 | AF73: =AK73/24*E73 -> 0.038 | AG73: =AM73/24*E73 -> 28.8 | AH73: 46217 | AI73: 30 | AJ73: 4 | AK73: 0.038 | AM73: =IF(BFPD=0,0,BFPD*(1-BSW/100)) -> 28.8 | CJ73: =+IF(D73="SI",0,AI73*AJ73/100) -> 1.2 | CU73: KHALDA_WELL67 | CV73: =REPORTDATE-1 -> 46298 | CW73: =$CT$3&B73 -> 9AG-131 | CX73: =I73 -> NO P.CK | CY73: =J73 -> 170 | CZ73: =E73 -> 24 | DA73: =IF(CZ73=0,"SI",D73) -> G/L | DC73: =E73*((H73*1000)/24) -> 970 | DD73: =N73 -> 0 | DE73: =V73 -> 0 | DF73: =W73 -> 0 | DG73: =X73 -> 0 | DH73: =Z73 -> 0 | DI73: =AD73 -> 0 | DL73: =AE73 -> 0 | DM73: =AG73 -> 28.8 | DN73: =IF(G73="","",G73) | DO73: =AM73/24*HOURS -> 28.8 | DP73: =IF(OR(D73="SI",B73="",D73="T&A"),"",VLOOKUP(B73,WELL_FIELD,2)) -> AG | EB73: =IF(B73="","","KHALDA_WELL") -> KHALDA_WELL | EC73: =REPORTDATE-1 -> 46298 | ED73: =B73 -> AG-131 | EE73: =I73 -> NO P.CK | EF73: =J73 -> 170 | EG73: =E73 -> 24 | EH73: =IF(CZ73=0,"SI",D73) -> G/L | EK73: =IF(G73="","",G73) | EL73: =AJ73 -> 4 | EM73: =W73 -> 0 | EQ73: =Y73 -> 0 | ER73: =Z73 -> 0 | ES73: =X73 -> 0 | ET73: =AD73 -> 0 | EX73: =AE73 -> 0 | EZ73: =S73 -> 0 | FA73: =T73 -> 0 | FB73: =U73 -> 0 | FD73: =AN73 -> 0
B74: AG-132 | C74: ARE | D74: SI | E74: 0 | F74: =IF(E74=0,0,((AI74*(1-(AJ74/100)))/24)*(24-HOURS)) -> 0 | I74: OPEN | J74: 0 | K74: 0 | L74: 0 | M74: OP | AD74: 0 | AE74: 0 | AF74: =AK74/24*E74 -> 0 | AG74: =AM74/24*E74 -> 0 | AH74: 46055 | AI74: 428 | AJ74: 75 | AK74: 0 | AM74: =IF(BFPD=0,0,BFPD*(1-BSW/100)) -> 107 | CJ74: =+IF(D74="SI",0,AI74*AJ74/100) -> 0 | CU74: KHALDA_WELL68 | CV74: =REPORTDATE-1 -> 46298 | CW74: =$CT$3&B74 -> 9AG-132 | CX74: =I74 -> OPEN | CY74: =J74 -> 0 | CZ74: =E74 -> 0 | DA74: =IF(CZ74=0,"SI",D74) -> SI | DC74: =E74*((H74*1000)/24) -> 0 | DD74: =N74 -> 0 | DE74: =V74 -> 0 | DF74: =W74 -> 0 | DG74: =X74 -> 0 | DH74: =Z74 -> 0 | DI74: =AD74 -> 0 | DL74: =AE74 -> 0 | DM74: =AG74 -> 0 | DN74: =IF(G74="","",G74) | DO74: =AM74/24*HOURS -> 0 | DP74: =IF(OR(D74="SI",B74="",D74="T&A"),"",VLOOKUP(B74,WELL_FIELD,2)) | EB74: =IF(B74="","","KHALDA_WELL") -> KHALDA_WELL | EC74: =REPORTDATE-1 -> 46298 | ED74: =B74 -> AG-132 | EE74: =I74 -> OPEN | EF74: =J74 -> 0 | EG74: =E74 -> 0 | EH74: =IF(CZ74=0,"SI",D74) -> SI | EK74: =IF(G74="","",G74) | EL74: =AJ74 -> 75 | EM74: =W74 -> 0 | EQ74: =Y74 -> 0 | ER74: =Z74 -> 0 | ES74: =X74 -> 0 | ET74: =AD74 -> 0 | EX74: =AE74 -> 0 | EZ74: =S74 -> 0 | FA74: =T74 -> 0 | FB74: =U74 -> 0 | FD74: =AN74 -> 0
B75: AG-136 | C75: MULTIZONE | D75: SI | E75: 0 | F75: =IF(E75=0,0,((AI75*(1-(AJ75/100)))/24)*(24-HOURS)) -> 0 | I75: OPEN | J75: 0 | K75: 0 | L75: 0 | AF75: =AK75/24*E75 -> 0 | AG75: =AM75/24*E75 -> 0 | AH75: 43844 | AI75: 0 | AJ75: 0 | AK75: 0.1 | AM75: =IF(BFPD=0,0,BFPD*(1-BSW/100)) -> 0 | AN75: Is considered as condensate at the GP report. | CJ75: =+IF(D75="SI",0,AI75*AJ75/100) -> 0 | CU75: KHALDA_WELL69 | CV75: =REPORTDATE-1 -> 46298 | CW75: =$CT$3&B75 -> 9AG-136 | CX75: =I75 -> OPEN | CY75: =J75 -> 0 | CZ75: =E75 -> 0 | DA75: =IF(CZ75=0,"SI",D75) -> SI | DC75: =E75*((H75*1000)/24) -> 0 | DD75: =N75 -> 0 | DE75: =V75 -> 0 | DF75: =W75 -> 0 | DG75: =X75 -> 0 | DH75: =Z75 -> 0 | DI75: =AD75 -> 0 | DL75: =AE75 -> 0 | DM75: =AG75 -> 0 | DN75: =IF(G75="","",G75) | DO75: =AM75/24*HOURS -> 0 | DP75: =IF(OR(D75="SI",B75="",D75="T&A"),"",VLOOKUP(B75,WELL_FIELD,2)) | EB75: =IF(B75="","","KHALDA_WELL") -> KHALDA_WELL | EC75: =REPORTDATE-1 -> 46298 | ED75: =B75 -> AG-136 | EE75: =I75 -> OPEN | EF75: =J75 -> 0 | EG75: =E75 -> 0 | EH75: =IF(CZ75=0,"SI",D75) -> SI | EK75: =IF(G75="","",G75) | EL75: =AJ75 -> 0 | EM75: =W75 -> 0 | EQ75: =Y75 -> 0 | ER75: =Z75 -> 0 | ES75: =X75 -> 0 | ET75: =AD75 -> 0 | EX75: =AE75 -> 0 | EZ75: =S75 -> 0 | FA75: =T75 -> 0 | FB75: =U75 -> 0 | FD75: =AN75 -> Is considered as condensate at the GP report.
B76: AG-140 | C76: MULTIZONE | D76: SI | E76: 0 | F76: =IF(E76=0,0,((AI76*(1-(AJ76/100)))/24)*(24-HOURS)) -> 0 | I76: 128/64 | J76: 770 | K76: 730 | L76: 0 | AF76: =AK76/24*E76 -> 0 | AG76: =AM76/24*E76 -> 0 | AH76: 46269 | AI76: 128 | AJ76: 54 | AK76: 2.669 | AM76: =IF(BFPD=0,0,BFPD*(1-BSW/100)) -> 58.88 | AN76: Gas well | CJ76: =+IF(D76="SI",0,AI76*AJ76/100) -> 0 | CU76: KHALDA_WELL70 | CV76: =REPORTDATE-1 -> 46298 | CW76: =$CT$3&B76 -> 9AG-140 | CX76: =I76 -> 128/64 | CY76: =J76 -> 770 | CZ76: =E76 -> 0 | DA76: =IF(CZ76=0,"SI",D76) -> SI | DC76: =E76*((H76*1000)/24) -> 0 | DD76: =N76 -> 0 | DE76: =V76 -> 0 | DF76: =W76 -> 0 | DG76: =X76 -> 0 | DH76: =Z76 -> 0 | DI76: =AD76 -> 0 | DL76: =AE76 -> 0 | DM76: =AG76 -> 0 | DN76: =IF(G76="","",G76) | DO76: =AM76/24*HOURS -> 0 | DP76: =IF(OR(D76="SI",B76="",D76="T&A"),"",VLOOKUP(B76,WELL_FIELD,2)) | EB76: =IF(B76="","","KHALDA_WELL") -> KHALDA_WELL | EC76: =REPORTDATE-1 -> 46298 | ED76: =B76 -> AG-140 | EE76: =I76 -> 128/64 | EF76: =J76 -> 770 | EG76: =E76 -> 0 | EH76: =IF(CZ76=0,"SI",D76) -> SI | EK76: =IF(G76="","",G76) | EL76: =AJ76 -> 54 | EM76: =W76 -> 0 | EQ76: =Y76 -> 0 | ER76: =Z76 -> 0 | ES76: =X76 -> 0 | ET76: =AD76 -> 0 | EX76: =AE76 -> 0 | EZ76: =S76 -> 0 | FA76: =T76 -> 0 | FB76: =U76 -> 0 | FD76: =AN76 -> Gas well
B77: AG-141 | C77: ARD | D77: G/L | E77: 24 | F77: =IF(E77=0,0,((AI77*(1-(AJ77/100)))/24)*(24-HOURS)) -> 0 | H77: 1.24 | I77: NO P.CK | J77: 140 | K77: 140 | L77: 800 | AF77: =AK77/24*E77 -> 0.019 | AG77: =AM77/24*E77 -> 43.56 | AH77: 46254 | AI77: 44 | AJ77: 1 | AK77: 0.019 | AM77: =IF(BFPD=0,0,BFPD*(1-BSW/100)) -> 43.56 | CJ77: =+IF(D77="SI",0,AI77*AJ77/100) -> 0.44 | CU77: KHALDA_WELL71 | CV77: =REPORTDATE-1 -> 46298 | CW77: =$CT$3&B77 -> 9AG-141 | CX77: =I77 -> NO P.CK | CY77: =J77 -> 140 | CZ77: =E77 -> 24 | DA77: =IF(CZ77=0,"SI",D77) -> G/L | DC77: =E77*((H77*1000)/24) -> 1240 | DD77: =N77 -> 0 | DE77: =V77 -> 0 | DF77: =W77 -> 0 | DG77: =X77 -> 0 | DH77: =Z77 -> 0 | DI77: =AD77 -> 0 | DL77: =AE77 -> 0 | DM77: =AG77 -> 43.56 | DN77: =IF(G77="","",G77) | DO77: =AM77/24*HOURS -> 43.56 | DP77: =IF(OR(D77="SI",B77="",D77="T&A"),"",VLOOKUP(B77,WELL_FIELD,2)) -> AG | EB77: =IF(B77="","","KHALDA_WELL") -> KHALDA_WELL | EC77: =REPORTDATE-1 -> 46298 | ED77: =B77 -> AG-141 | EE77: =I77 -> NO P.CK | EF77: =J77 -> 140 | EG77: =E77 -> 24 | EH77: =IF(CZ77=0,"SI",D77) -> G/L | EK77: =IF(G77="","",G77) | EL77: =AJ77 -> 1 | EM77: =W77 -> 0 | EQ77: =Y77 -> 0 | ER77: =Z77 -> 0 | ES77: =X77 -> 0 | ET77: =AD77 -> 0 | EX77: =AE77 -> 0 | EZ77: =S77 -> 0 | FA77: =T77 -> 0 | FB77: =U77 -> 0 | FD77: =AN77 -> 0
B78: AG-142 | C78: ARG/ARE | D78: SI | E78: 0 | F78: =IF(E78=0,0,((AI78*(1-(AJ78/100)))/24)*(24-HOURS)) -> 0 | G78: Low Reservoir Pressure/Depleted | H78: 0 | I78: NO P.CK | J78: 0 | K78: 0 | L78: 0 | AF78: =AK78/24*E78 -> 0 | AG78: =AM78/24*E78 -> 0 | AH78: 45996 | AI78: 67 | AJ78: 52 | AK78: 0.383 | AL78: 65000 | AM78: =IF(BFPD=0,0,BFPD*(1-BSW/100)) -> 32.16 | CJ78: =+IF(D78="SI",0,AI78*AJ78/100) -> 0 | CU78: KHALDA_WELL72 | CV78: =REPORTDATE-1 -> 46298 | CW78: =$CT$3&B78 -> 9AG-142 | CX78: =I78 -> NO P.CK | CY78: =J78 -> 0 | CZ78: =E78 -> 0 | DA78: =IF(CZ78=0,"SI",D78) -> SI | DC78: =E78*((H78*1000)/24) -> 0 | DD78: =N78 -> 0 | DE78: =V78 -> 0 | DF78: =W78 -> 0 | DG78: =X78 -> 0 | DH78: =Z78 -> 0 | DI78: =AD78 -> 0 | DL78: =AE78 -> 0 | DM78: =AG78 -> 0 | DN78: =IF(G78="","",G78) -> Low Reservoir Pressure/Depleted | DO78: =AM78/24*HOURS -> 0 | DP78: =IF(OR(D78="SI",B78="",D78="T&A"),"",VLOOKUP(B78,WELL_FIELD,2)) | EB78: =IF(B78="","","KHALDA_WELL") -> KHALDA_WELL | EC78: =REPORTDATE-1 -> 46298 | ED78: =B78 -> AG-142 | EE78: =I78 -> NO P.CK | EF78: =J78 -> 0 | EG78: =E78 -> 0 | EH78: =IF(CZ78=0,"SI",D78) -> SI | EK78: =IF(G78="","",G78) -> Low Reservoir Pressure/Depleted | EL78: =AJ78 -> 52 | EM78: =W78 -> 0 | EQ78: =Y78 -> 0 | ER78: =Z78 -> 0 | ES78: =X78 -> 0 | ET78: =AD78 -> 0 | EX78: =AE78 -> 0 | EZ78: =S78 -> 0 | FA78: =T78 -> 0 | FB78: =U78 -> 0 | FD78: =AN78 -> 0
B79: AG-143 | C79: ARG | D79: SI | E79: 0 | F79: =IF(E79=0,0,((AI79*(1-(AJ79/100)))/24)*(24-HOURS)) -> 0 | I79: NO P.CK | J79: 230 | K79: 0 | L79: 0 | AF79: =AK79/24*E79 -> 0 | AG79: =AM79/24*E79 -> 0 | AH79: 45216 | AI79: 0 | AJ79: 8.1 | AK79: 0.07 | AM79: =IF(BFPD=0,0,BFPD*(1-BSW/100)) -> 0 | CJ79: =+IF(D79="SI",0,AI79*AJ79/100) -> 0 | CU79: KHALDA_WELL73 | CV79: =REPORTDATE-1 -> 46298 | CW79: =$CT$3&B79 -> 9AG-143 | CX79: =I79 -> NO P.CK | CY79: =J79 -> 230 | CZ79: =E79 -> 0 | DA79: =IF(CZ79=0,"SI",D79) -> SI | DC79: =E79*((H79*1000)/24) -> 0 | DD79: =N79 -> 0 | DE79: =V79 -> 0 | DF79: =W79 -> 0 | DG79: =X79 -> 0 | DH79: =Z79 -> 0 | DI79: =AD79 -> 0 | DL79: =AE79 -> 0 | DM79: =AG79 -> 0 | DN79: =IF(G79="","",G79) | DO79: =AM79/24*HOURS -> 0 | DP79: =IF(OR(D79="SI",B79="",D79="T&A"),"",VLOOKUP(B79,WELL_FIELD,2)) | EB79: =IF(B79="","","KHALDA_WELL") -> KHALDA_WELL | EC79: =REPORTDATE-1 -> 46298 | ED79: =B79 -> AG-143 | EE79: =I79 -> NO P.CK | EF79: =J79 -> 230 | EG79: =E79 -> 0 | EH79: =IF(CZ79=0,"SI",D79) -> SI | EK79: =IF(G79="","",G79) | EL79: =AJ79 -> 8.1 | EM79: =W79 -> 0 | EQ79: =Y79 -> 0 | ER79: =Z79 -> 0 | ES79: =X79 -> 0 | ET79: =AD79 -> 0 | EX79: =AE79 -> 0 | EZ79: =S79 -> 0 | FA79: =T79 -> 0 | FB79: =U79 -> 0 | FD79: =AN79 -> 0
B80: AG-146 | C80: ARE | D80: SI | E80: 0 | F80: =IF(E80=0,0,((AI80*(1-(AJ80/100)))/24)*(24-HOURS)) -> 0 | H80: 0 | I80: NO P.CK | J80: 0 | K80: 0 | L80: 0 | AF80: =AK80/24*E80 -> 0 | AG80: =AM80/24*E80 -> 0 | AH80: 45857 | AI80: 81 | AJ80: 76 | AK80: 0.082 | AM80: =IF(BFPD=0,0,BFPD*(1-BSW/100)) -> 19.44 | CJ80: =+IF(D80="SI",0,AI80*AJ80/100) -> 0 | CU80: KHALDA_WELL74 | CV80: =REPORTDATE-1 -> 46298 | CW80: =$CT$3&B80 -> 9AG-146 | CX80: =I80 -> NO P.CK | CY80: =J80 -> 0 | CZ80: =E80 -> 0 | DA80: =IF(CZ80=0,"SI",D80) -> SI | DC80: =E80*((H80*1000)/24) -> 0 | DD80: =N80 -> 0 | DE80: =V80 -> 0 | DF80: =W80 -> 0 | DG80: =X80 -> 0 | DH80: =Z80 -> 0 | DI80: =AD80 -> 0 | DL80: =AE80 -> 0 | DM80: =AG80 -> 0 | DN80: =IF(G80="","",G80) | DO80: =AM80/24*HOURS -> 0 | DP80: =IF(OR(D80="SI",B80="",D80="T&A"),"",VLOOKUP(B80,WELL_FIELD,2)) | EB80: =IF(B80="","","KHALDA_WELL") -> KHALDA_WELL | EC80: =REPORTDATE-1 -> 46298 | ED80: =B80 -> AG-146 | EE80: =I80 -> NO P.CK | EF80: =J80 -> 0 | EG80: =E80 -> 0 | EH80: =IF(CZ80=0,"SI",D80) -> SI | EK80: =IF(G80="","",G80) | EL80: =AJ80 -> 76 | EM80: =W80 -> 0 | EQ80: =Y80 -> 0 | ER80: =Z80 -> 0 | ES80: =X80 -> 0 | ET80: =AD80 -> 0 | EX80: =AE80 -> 0 | EZ80: =S80 -> 0 | FA80: =T80 -> 0 | FB80: =U80 -> 0 | FD80: =AN80 -> 0
B81: AG-152 | C81: MULTIZONE | D81: SI | E81: 0 | F81: =IF(E81=0,0,((AI81*(1-(AJ81/100)))/24)*(24-HOURS)) -> 0 | H81: 0 | I81: OPEN | J81: 210 | K81: 0 | L81: 0 | O81: 45469 | P81: 1281 | Q81: 1585 | R81: 9001 | AF81: =AK81/24*E81 -> 0 | AG81: =AM81/24*E81 -> 0 | AH81: 46082 | AI81: 164 | AJ81: 100 | AK81: 0.617 | AL81: 0 | AM81: =IF(BFPD=0,0,BFPD*(1-BSW/100)) -> 0 | CJ81: =+IF(D81="SI",0,AI81*AJ81/100) -> 0 | CU81: KHALDA_WELL75 | CV81: =REPORTDATE-1 -> 46298 | CW81: =$CT$3&B81 -> 9AG-152 | CX81: =I81 -> OPEN | CY81: =J81 -> 210 | CZ81: =E81 -> 0 | DA81: =IF(CZ81=0,"SI",D81) -> SI | DC81: =E81*((H81*1000)/24) -> 0 | DD81: =N81 -> 0 | DE81: =V81 -> 0 | DF81: =W81 -> 0 | DG81: =X81 -> 0 | DH81: =Z81 -> 0 | DI81: =AD81 -> 0 | DL81: =AE81 -> 0 | DM81: =AG81 -> 0 | DN81: =IF(G81="","",G81) | DO81: =AM81/24*HOURS -> 0 | DP81: =IF(OR(D81="SI",B81="",D81="T&A"),"",VLOOKUP(B81,WELL_FIELD,2)) | EB81: =IF(B81="","","KHALDA_WELL") -> KHALDA_WELL | EC81: =REPORTDATE-1 -> 46298 | ED81: =B81 -> AG-152 | EE81: =I81 -> OPEN | EF81: =J81 -> 210 | EG81: =E81 -> 0 | EH81: =IF(CZ81=0,"SI",D81) -> SI | EK81: =IF(G81="","",G81) | EL81: =AJ81 -> 100 | EM81: =W81 -> 0 | EQ81: =Y81 -> 0 | ER81: =Z81 -> 0 | ES81: =X81 -> 0 | ET81: =AD81 -> 0 | EX81: =AE81 -> 0 | EZ81: =S81 -> 0 | FA81: =T81 -> 0 | FB81: =U81 -> 0 | FD81: =AN81 -> 0
B82: AG-154 | C82: MULTIZONE | D82: SI | E82: 0 | F82: =IF(E82=0,0,((AI82*(1-(AJ82/100)))/24)*(24-HOURS)) -> 0 | I82: NO P.CK | J82: 230 | K82: 180 | L82: 0 | AF82: =AK82/24*E82 -> 0 | AG82: =AM82/24*E82 -> 0 | AH82: 46139 | AI82: 59 | AJ82: 15 | AK82: 0.464 | AM82: =IF(BFPD=0,0,BFPD*(1-BSW/100)) -> 50.15 | AN82: Is considered as condensate at the GP report. | CJ82: =+IF(D82="SI",0,AI82*AJ82/100) -> 0 | CU82: KHALDA_WELL75 | CV82: =REPORTDATE-1 -> 46298 | CW82: =$CT$3&B82 -> 9AG-154 | CX82: =I82 -> NO P.CK | CY82: =J82 -> 230 | CZ82: =E82 -> 0 | DA82: =IF(CZ82=0,"SI",D82) -> SI | DC82: =E82*((H82*1000)/24) -> 0 | DD82: =N82 -> 0 | DE82: =V82 -> 0 | DF82: =W82 -> 0 | DG82: =X82 -> 0 | DH82: =Z82 -> 0 | DI82: =AD82 -> 0 | DL82: =AE82 -> 0 | DM82: =AG82 -> 0 | DN82: =IF(G82="","",G82) | DO82: =AM82/24*HOURS -> 0 | DP82: =IF(OR(D82="SI",B82="",D82="T&A"),"",VLOOKUP(B82,WELL_FIELD,2)) | EB82: =IF(B82="","","KHALDA_WELL") -> KHALDA_WELL | EC82: =REPORTDATE-1 -> 46298 | ED82: =B82 -> AG-154 | EE82: =I82 -> NO P.CK | EF82: =J82 -> 230 | EG82: =E82 -> 0 | EH82: =IF(CZ82=0,"SI",D82) -> SI | EK82: =IF(G82="","",G82) | EL82: =AJ82 -> 15 | EM82: =W82 -> 0 | EQ82: =Y82 -> 0 | ER82: =Z82 -> 0 | ES82: =X82 -> 0 | ET82: =AD82 -> 0 | EX82: =AE82 -> 0 | EZ82: =S82 -> 0 | FA82: =T82 -> 0 | FB82: =U82 -> 0 | FD82: =AN82 -> Is considered as condensate at the GP report.
B83: AG-157 | C83: LBAH | D83: G/L | E83: 24 | F83: =IF(E83=0,0,((AI83*(1-(AJ83/100)))/24)*(24-HOURS)) -> 0 | H83: 1.44 | I83: F-Open | J83: 230 | K83: 230 | L83: 960 | AF83: =AK83/24*E83 -> 0.06 | AG83: =AM83/24*E83 -> 53.34 | AH83: 46270 | AI83: 127 | AJ83: 58 | AK83: 0.06 | AL83: 114 | AM83: =IF(BFPD=0,0,BFPD*(1-BSW/100)) -> 53.34 | CJ83: =+IF(D83="SI",0,AI83*AJ83/100) -> 73.66 | CU83: KHALDA_WELL77 | CV83: =REPORTDATE-1 -> 46298 | CW83: =$CT$3&B83 -> 9AG-157 | CX83: =I83 -> F-Open | CY83: =J83 -> 230 | CZ83: =E83 -> 24 | DA83: =IF(CZ83=0,"SI",D83) -> G/L | DC83: =E83*((H83*1000)/24) -> 1440 | DD83: =N83 -> 0 | DE83: =V83 -> 0 | DF83: =W83 -> 0 | DG83: =X83 -> 0 | DH83: =Z83 -> 0 | DI83: =AD83 -> 0 | DL83: =AE83 -> 0 | DM83: =AG83 -> 53.34 | DN83: =IF(G83="","",G83) | DO83: =AM83/24*HOURS -> 53.34 | DP83: =IF(OR(D83="SI",B83="",D83="T&A"),"",VLOOKUP(B83,WELL_FIELD,2)) -> SAG | EB83: =IF(B83="","","KHALDA_WELL") -> KHALDA_WELL | EC83: =REPORTDATE-1 -> 46298 | ED83: =B83 -> AG-157 | EE83: =I83 -> F-Open | EF83: =J83 -> 230 | EG83: =E83 -> 24 | EH83: =IF(CZ83=0,"SI",D83) -> G/L | EK83: =IF(G83="","",G83) | EL83: =AJ83 -> 58 | EM83: =W83 -> 0 | EQ83: =Y83 -> 0 | ER83: =Z83 -> 0 | ES83: =X83 -> 0 | ET83: =AD83 -> 0 | EX83: =AE83 -> 0 | EZ83: =S83 -> 0 | FA83: =T83 -> 0 | FB83: =U83 -> 0 | FD83: =AN83 -> 0
B84: AG-158 | C84: ARG | D84: G/L | E84: 24 | F84: =IF(E84=0,0,((AI84*(1-(AJ84/100)))/24)*(24-HOURS)) -> 0 | H84: 1 | I84: NO P.CK | J84: 230 | K84: 230 | L84: 435 | AG84: =AM84/24*E84 -> 34.4 | AH84: 46298 | AI84: 43 | AJ84: 20 | AK84: 0.049 | AM84: =IF(BFPD=0,0,BFPD*(1-BSW/100)) -> 34.4 | CU84: KHALDA_WELL78 | CV84: =REPORTDATE-1 -> 46298 | CW84: =$CT$3&B84 -> 9AG-158 | CX84: =I84 -> NO P.CK | CY84: =J84 -> 230 | CZ84: =E84 -> 24 | DA84: =IF(CZ84=0,"SI",D84) -> G/L | DC84: =E84*((H84*1000)/24) -> 1000 | DD84: =N84 -> 0 | DE84: =V84 -> 0 | DF84: =W84 -> 0 | DG84: =X84 -> 0 | DH84: =Z84 -> 0 | DI84: =AD84 -> 0 | DL84: =AE84 -> 0 | DM84: =AG84 -> 34.4 | DN84: =IF(G84="","",G84) | DO84: =AM84/24*HOURS -> 34.4 | DP84: =IF(OR(D84="SI",B84="",D84="T&A"),"",VLOOKUP(B84,WELL_FIELD,2)) -> SAG | EB84: =IF(B84="","","KHALDA_WELL") -> KHALDA_WELL | EC84: =REPORTDATE-1 -> 46298 | ED84: =B84 -> AG-158 | EE84: =I84 -> NO P.CK | EF84: =J84 -> 230 | EG84: =E84 -> 24 | EH84: =IF(CZ84=0,"SI",D84) -> G/L | EK84: =IF(G84="","",G84) | EL84: =AJ84 -> 20 | EM84: =W84 -> 0 | EQ84: =Y84 -> 0 | ER84: =Z84 -> 0 | ES84: =X84 -> 0 | ET84: =AD84 -> 0 | EX84: =AE84 -> 0 | EZ84: =S84 -> 0 | FA84: =T84 -> 0 | FB84: =U84 -> 0 | FD84: =AN84 -> 0
B85: AG-351 | C85: MULTIZONE | D85: G/L | E85: 24 | F85: =IF(E85=0,0,((AI85*(1-(AJ85/100)))/24)*(24-HOURS)) -> 0 | H85: 1.39 | I85: NO P.CK | J85: 110 | K85: 100 | L85: 460 | AG85: =AM85/24*E85 -> 169.29 | AH85: 46289 | AI85: 171 | AJ85: 1 | AK85: 0.024 | AM85: =IF(BFPD=0,0,BFPD*(1-BSW/100)) -> 169.29 | CU85: KHALDA_WELL79 | CV85: =REPORTDATE-1 -> 46298 | CW85: =$CT$3&B85 -> 9AG-351 | CX85: =I85 -> NO P.CK | CY85: =J85 -> 110 | CZ85: =E85 -> 24 | DA85: =IF(CZ85=0,"SI",D85) -> G/L | DC85: =E85*((H85*1000)/24) -> 1390 | DD85: =N85 -> 0 | DE85: =V85 -> 0 | DF85: =W85 -> 0 | DG85: =X85 -> 0 | DH85: =Z85 -> 0 | DI85: =AD85 -> 0 | DL85: =AE85 -> 0 | DM85: =AG85 -> 169.29 | DN85: =IF(G85="","",G85) | DO85: =AM85/24*HOURS -> 169.29 | DP85: =IF(OR(D85="SI",B85="",D85="T&A"),"",VLOOKUP(B85,WELL_FIELD,2)) -> AG | EB85: =IF(B85="","","KHALDA_WELL") -> KHALDA_WELL | EC85: =REPORTDATE-1 -> 46298 | ED85: =B85 -> AG-351 | EE85: =I85 -> NO P.CK | EF85: =J85 -> 110 | EG85: =E85 -> 24 | EH85: =IF(CZ85=0,"SI",D85) -> G/L | EK85: =IF(G85="","",G85) | EL85: =AJ85 -> 1 | EM85: =W85 -> 0 | EQ85: =Y85 -> 0 | ER85: =Z85 -> 0 | ES85: =X85 -> 0 | ET85: =AD85 -> 0 | EX85: =AE85 -> 0 | EZ85: =S85 -> 0 | FA85: =T85 -> 0 | FB85: =U85 -> 0 | FD85: =AN85 -> 0
B86: Bolt-Nail-03-01 | C86: ARD | D86: SI | E86: 0 | F86: =IF(E86=0,0,((AI86*(1-(AJ86/100)))/24)*(24-HOURS)) -> 0 | H86: 0 | I86: OPEN | J86: 0 | K86: 0 | L86: 0 | AF86: =AK86/24*E86 -> 0 | AG86: =AM86/24*E86 -> 0 | AH86: 45863 | AI86: 752 | AJ86: 96 | AK86: 0.237 | AM86: =IF(BFPD=0,0,BFPD*(1-BSW/100)) -> 30.08 | CJ86: =+IF(D86="SI",0,AI86*AJ86/100) -> 0 | CU86: KHALDA_WELL78 | CV86: =REPORTDATE-1 -> 46298 | CW86: =$CT$3&B86 -> 9Bolt-Nail-03-01 | CX86: =I86 -> OPEN | CY86: =J86 -> 0 | CZ86: =E86 -> 0 | DA86: =IF(CZ86=0,"SI",D86) -> SI | DC86: =E86*((H86*1000)/24) -> 0 | DD86: =N86 -> 0 | DE86: =V86 -> 0 | DF86: =W86 -> 0 | DG86: =X86 -> 0 | DH86: =Z86 -> 0 | DI86: =AD86 -> 0 | DL86: =AE86 -> 0 | DM86: =AG86 -> 0 | DN86: =IF(G86="","",G86) | DO86: =AM86/24*HOURS -> 0 | DP86: =IF(OR(D86="SI",B86="",D86="T&A"),"",VLOOKUP(B86,WELL_FIELD,2,FALSE)) | EB86: =IF(B86="","","KHALDA_WELL") -> KHALDA_WELL | EC86: =REPORTDATE-1 -> 46298 | ED86: =B86 -> Bolt-Nail-03-01 | EE86: =I86 -> OPEN | EF86: =J86 -> 0 | EG86: =E86 -> 0 | EH86: =IF(CZ86=0,"SI",D86) -> SI | EK86: =IF(G86="","",G86) | EL86: =AJ86 -> 96 | EM86: =W86 -> 0 | EQ86: =Y86 -> 0 | ER86: =Z86 -> 0 | ES86: =X86 -> 0 | ET86: =AD86 -> 0 | EX86: =AE86 -> 0 | EZ86: =S86 -> 0 | FA86: =T86 -> 0 | FB86: =U86 -> 0 | FD86: =AN86 -> 0
B87: BOLT-12-02 | C87: MULTIZONE | D87: ESP | E87: 24 | F87: =IF(E87=0,0,((AI87*(1-(AJ87/100)))/24)*(24-HOURS)) -> 0 | I87: OPEN | J87: 150 | K87: 150 | L87: 0 | AD87: 39 | AE87: 50.2 | AF87: =AK87/24*E87 -> 0 | AG87: =AM87/24*E87 -> 29.295 | AH87: 46292 | AI87: 1395 | AJ87: 97.9 | AK87: 0 | AL87: 104000 | AM87: =IF(BFPD=0,0,BFPD*(1-BSW/100)) -> 29.295 | CU87: KHALDA_WELL79 | CV87: =REPORTDATE-1 -> 46298 | CW87: =$CT$3&B87 -> 9BOLT-12-02 | CX87: =I87 -> OPEN | CY87: =J87 -> 150 | CZ87: =E87 -> 24 | DA87: =IF(CZ87=0,"SI",D87) -> ESP | DC87: =E87*((H87*1000)/24) -> 0 | DD87: =N87 -> 0 | DE87: =V87 -> 0 | DF87: =W87 -> 0 | DG87: =X87 -> 0 | DH87: =Z87 -> 0 | DI87: =AD87 -> 39 | DL87: =AE87 -> 50.2 | DM87: =AG87 -> 29.295 | DN87: =IF(G87="","",G87) | DO87: =AM87/24*HOURS -> 29.295 | DP87: =IF(OR(D87="SI",B87="",D87="T&A"),"",VLOOKUP(B87,WELL_FIELD,2,FALSE)) -> BOLT | EB87: =IF(B87="","","KHALDA_WELL") -> KHALDA_WELL | EC87: =REPORTDATE-1 -> 46298 | ED87: =B87 -> BOLT-12-02 | EE87: =I87 -> OPEN | EF87: =J87 -> 150 | EG87: =E87 -> 24 | EH87: =IF(CZ87=0,"SI",D87) -> ESP | EK87: =IF(G87="","",G87) | EL87: =AJ87 -> 97.9 | EM87: =W87 -> 0 | EQ87: =Y87 -> 0 | ER87: =Z87 -> 0 | ES87: =X87 -> 0 | ET87: =AD87 -> 39 | EX87: =AE87 -> 50.2 | EZ87: =S87 -> 0 | FA87: =T87 -> 0 | FB87: =U87 -> 0 | FD87: =AN87 -> 0
B88: NEAG-02 | C88: ARE | D88: G/L | E88: 24 | F88: =IF(E88=0,0,((AI88*(1-(AJ88/100)))/24)*(24-HOURS)) -> 0 | H88: 1.3720678 | I88: NO P.CK | J88: 270 | K88: 270 | L88: 510 | AF88: =AK88/24*E88 -> 0.247 | AG88: =AM88/24*E88 -> 93.06 | AH88: 46286 | AI88: 94 | AJ88: 1 | AK88: 0.247 | AM88: =IF(BFPD=0,0,BFPD*(1-BSW/100)) -> 93.06 | CJ88: =+IF(D88="SI",0,AI88*AJ88/100) -> 0.94 | CU88: KHALDA_WELL80 | CV88: =REPORTDATE-1 -> 46298 | CW88: =$CT$3&B88 -> 9NEAG-02 | CX88: =I88 -> NO P.CK | CY88: =J88 -> 270 | CZ88: =E88 -> 24 | DA88: =IF(CZ88=0,"SI",D88) -> G/L | DC88: =E88*((H88*1000)/24) -> 1372.0678 | DD88: =N88 -> 0 | DE88: =V88 -> 0 | DF88: =W88 -> 0 | DG88: =X88 -> 0 | DH88: =Z88 -> 0 | DI88: =AD88 -> 0 | DL88: =AE88 -> 0 | DM88: =AG88 -> 93.06 | DN88: =IF(G88="","",G88) | DO88: =AM88/24*HOURS -> 93.06 | DP88: =IF(OR(D88="SI",B88="",D88="T&A"),"",VLOOKUP(B88,WELL_FIELD,2,FALSE)) -> NEAG | EB88: =IF(B88="","","KHALDA_WELL") -> KHALDA_WELL | EC88: =REPORTDATE-1 -> 46298 | ED88: =B88 -> NEAG-02 | EE88: =I88 -> NO P.CK | EF88: =J88 -> 270 | EG88: =E88 -> 24 | EH88: =IF(CZ88=0,"SI",D88) -> G/L | EK88: =IF(G88="","",G88) | EL88: =AJ88 -> 1 | EM88: =W88 -> 0 | EQ88: =Y88 -> 0 | ER88: =Z88 -> 0 | ES88: =X88 -> 0 | ET88: =AD88 -> 0 | EX88: =AE88 -> 0 | EZ88: =S88 -> 0 | FA88: =T88 -> 0 | FB88: =U88 -> 0 | FD88: =AN88 -> 0
B89: NEAG-01 | C89: ARC | D89: SI | E89: 0 | F89: =IF(E89=0,0,((AI89*(1-(AJ89/100)))/24)*(24-HOURS)) -> 0 | H89: 0 | I89: NO P.CK | J89: 0 | K89: 0 | L89: 0 | AF89: =AK89/24*E89 -> 0 | AG89: =AM89/24*E89 -> 0 | AH89: 46264 | AI89: 37 | AJ89: 1 | AK89: 0.004 | AM89: =IF(BFPD=0,0,BFPD*(1-BSW/100)) -> 36.63 | CU89: KHALDA_WELL81 | CV89: =REPORTDATE-1 -> 46298 | CW89: =$CT$3&B89 -> 9NEAG-01 | CX89: =I89 -> NO P.CK | CY89: =J89 -> 0 | CZ89: =E89 -> 0 | DA89: =IF(CZ89=0,"SI",D89) -> SI | DC89: =E89*((H89*1000)/24) -> 0 | DD89: =N89 -> 0 | DE89: =V89 -> 0 | DF89: =W89 -> 0 | DG89: =X89 -> 0 | DH89: =Z89 -> 0 | DI89: =AD89 -> 0 | DL89: =AE89 -> 0 | DM89: =AG89 -> 0 | DN89: =IF(G89="","",G89) | DO89: =AM89/24*HOURS -> 0 | DP89: =IF(OR(D89="SI",B89="",D89="T&A"),"",VLOOKUP(B89,WELL_FIELD,2,FALSE)) | EB89: =IF(B89="","","KHALDA_WELL") -> KHALDA_WELL | EC89: =REPORTDATE-1 -> 46298 | ED89: =B89 -> NEAG-01 | EE89: =I89 -> NO P.CK | EF89: =J89 -> 0 | EG89: =E89 -> 0 | EH89: =IF(CZ89=0,"SI",D89) -> SI | EK89: =IF(G89="","",G89) | EL89: =AJ89 -> 1 | EM89: =W89 -> 0 | EQ89: =Y89 -> 0 | ER89: =Z89 -> 0 | ES89: =X89 -> 0 | ET89: =AD89 -> 0 | EX89: =AE89 -> 0 | EZ89: =S89 -> 0 | FA89: =T89 -> 0 | FB89: =U89 -> 0 | FD89: =AN89 -> 0
B90: NEAG-05 | C90: ARC | D90: G/L | E90: 24 | F90: =IF(E90=0,0,((AI90*(1-(AJ90/100)))/24)*(24-HOURS)) -> 0 | H90: 1.08 | I90: NO P.CK | J90: 280 | K90: 280 | L90: 938 | AF90: =AK90/24*E90 -> 0.091 | AG90: =AM90/24*E90 -> 690.03 | AH90: 46294 | AI90: 697 | AJ90: 1 | AK90: 0.091 | AM90: =IF(BFPD=0,0,BFPD*(1-BSW/100)) -> 690.03 | CU90: KHALDA_WELL82 | CV90: =REPORTDATE-1 -> 46298 | CW90: =$CT$3&B90 -> 9NEAG-05 | CX90: =I90 -> NO P.CK | CY90: =J90 -> 280 | CZ90: =E90 -> 24 | DA90: =IF(CZ90=0,"SI",D90) -> G/L | DC90: =E90*((H90*1000)/24) -> 1080 | DD90: =N90 -> 0 | DE90: =V90 -> 0 | DF90: =W90 -> 0 | DG90: =X90 -> 0 | DH90: =Z90 -> 0 | DI90: =AD90 -> 0 | DL90: =AE90 -> 0 | DM90: =AG90 -> 690.03 | DN90: =IF(G90="","",G90) | DO90: =AM90/24*HOURS -> 690.03 | DP90: =IF(OR(D90="SI",B90="",D90="T&A"),"",VLOOKUP(B90,WELL_FIELD,2,FALSE)) -> NEAG | EB90: =IF(B90="","","KHALDA_WELL") -> KHALDA_WELL | EC90: =REPORTDATE-1 -> 46298 | ED90: =B90 -> NEAG-05 | EE90: =I90 -> NO P.CK | EF90: =J90 -> 280 | EG90: =E90 -> 24 | EH90: =IF(CZ90=0,"SI",D90) -> G/L | EK90: =IF(G90="","",G90) | EL90: =AJ90 -> 1 | EM90: =W90 -> 0 | EQ90: =Y90 -> 0 | ER90: =Z90 -> 0 | ES90: =X90 -> 0 | ET90: =AD90 -> 0 | EX90: =AE90 -> 0 | EZ90: =S90 -> 0 | FA90: =T90 -> 0 | FB90: =U90 -> 0 | FD90: =AN90 -> 0
B91: NEAG-06 | C91: MULTIZONE | D91: G/L | E91: 24 | F91: =IF(E91=0,0,((AI91*(1-(AJ91/100)))/24)*(24-HOURS)) -> 0 | H91: 1.12 | I91: NO P.CK | J91: 270 | K91: 270 | L91: 518 | AF91: =AK91/24*E91 -> 0.577 | AG91: =AM91/24*E91 -> 103.95 | AH91: 46292 | AI91: 105 | AJ91: 1 | AK91: 0.577 | AM91: =IF(BFPD=0,0,BFPD*(1-BSW/100)) -> 103.95 | CU91: KHALDA_WELL83 | CV91: =REPORTDATE-1 -> 46298 | CW91: =$CT$3&B91 -> 9NEAG-06 | CX91: =I91 -> NO P.CK | CY91: =J91 -> 270 | CZ91: =E91 -> 24 | DA91: =IF(CZ91=0,"SI",D91) -> G/L | DC91: =E91*((H91*1000)/24) -> 1120 | DD91: =N91 -> 0 | DE91: =V91 -> 0 | DF91: =W91 -> 0 | DG91: =X91 -> 0 | DH91: =Z91 -> 0 | DI91: =AD91 -> 0 | DL91: =AE91 -> 0 | DM91: =AG91 -> 103.95 | DN91: =IF(G91="","",G91) | DO91: =AM91/24*HOURS -> 103.95 | DP91: =IF(OR(D91="SI",B91="",D91="T&A"),"",VLOOKUP(B91,WELL_FIELD,2,FALSE)) -> NEAG | EB91: =IF(B91="","","KHALDA_WELL") -> KHALDA_WELL | EC91: =REPORTDATE-1 -> 46298 | ED91: =B91 -> NEAG-06 | EE91: =I91 -> NO P.CK | EF91: =J91 -> 270 | EG91: =E91 -> 24 | EH91: =IF(CZ91=0,"SI",D91) -> G/L | EK91: =IF(G91="","",G91) | EL91: =AJ91 -> 1 | EM91: =W91 -> 0 | EQ91: =Y91 -> 0 | ER91: =Z91 -> 0 | ES91: =X91 -> 0 | ET91: =AD91 -> 0 | EX91: =AE91 -> 0 | EZ91: =S91 -> 0 | FA91: =T91 -> 0 | FB91: =U91 -> 0 | FD91: =AN91 -> 0
B92: NEAG-04X | C92: ARC | D92: SI | E92: 0 | F92: =IF(E92=0,0,((AI92*(1-(AJ92/100)))/24)*(24-HOURS)) -> 0 | H92: 0 | I92: NO P.CK | J92: 0 | K92: 0 | L92: 0 | AF92: =AK92/24*E92 -> 0 | AG92: =AM92/24*E92 -> 0 | AH92: 46167 | AI92: 7 | AJ92: 5 | AK92: 0.014 | AM92: =IF(BFPD=0,0,BFPD*(1-BSW/100)) -> 6.65 | CJ92: =+IF(D92="SI",0,AI92*AJ92/100) -> 0 | CU92: KHALDA_WELL83 | CV92: =REPORTDATE-1 -> 46298 | CW92: =$CT$3&B92 -> 9NEAG-04X | CX92: =I92 -> NO P.CK | CY92: =J92 -> 0 | CZ92: =E92 -> 0 | DA92: =IF(CZ92=0,"SI",D92) -> SI | DC92: =E92*((H92*1000)/24) -> 0 | DD92: =N92 -> 0 | DE92: =V92 -> 0 | DF92: =W92 -> 0 | DG92: =X92 -> 0 | DH92: =Z92 -> 0 | DI92: =AD92 -> 0 | DL92: =AE92 -> 0 | DM92: =AG92 -> 0 | DN92: =IF(G92="","",G92) | DO92: =AM92/24*HOURS -> 0 | DP92: =IF(OR(D92="SI",B92="",D92="T&A"),"",VLOOKUP(B92,WELL_FIELD,2,FALSE)) | EB92: =IF(B92="","","KHALDA_WELL") -> KHALDA_WELL | EC92: =REPORTDATE-1 -> 46298 | ED92: =B92 -> NEAG-04X | EE92: =I92 -> NO P.CK | EF92: =J92 -> 0 | EG92: =E92 -> 0 | EH92: =IF(CZ92=0,"SI",D92) -> SI | EK92: =IF(G92="","",G92) | EL92: =AJ92 -> 5 | EM92: =W92 -> 0 | EQ92: =Y92 -> 0 | ER92: =Z92 -> 0 | ES92: =X92 -> 0 | ET92: =AD92 -> 0 | EX92: =AE92 -> 0 | EZ92: =S92 -> 0 | FA92: =T92 -> 0 | FB92: =U92 -> 0 | FD92: =AN92 -> 0
B93: FIRESTONE-01 | C93: ARG | D93: SI | E93: 0 | F93: =IF(E93=0,0,((AI93*(1-(AJ93/100)))/24)*(24-HOURS)) -> 0 | I93: NO P.CK | J93: 230 | K93: 180 | L93: 0 | AF93: =AK93/24*E93 -> 0 | AG93: =AM93/24*E93 -> 0 | AH93: 45845 | AI93: 674 | AJ93: 99 | AK93: 1.445 | AM93: =IF(BFPD=0,0,BFPD*(1-BSW/100)) -> 6.74 | AN93: Is considered as condensate at the GP report. | CJ93: =+IF(D93="SI",0,AI93*AJ93/100) -> 0 | CU93: KHALDA_WELL76 | CV93: =REPORTDATE-1 -> 46298 | CW93: =$CT$3&B93 -> 9FIRESTONE-01 | CX93: =I93 -> NO P.CK | CY93: =J93 -> 230 | CZ93: =E93 -> 0 | DA93: =IF(CZ93=0,"SI",D93) -> SI | DC93: =E93*((H93*1000)/24) -> 0 | DD93: =N93 -> 0 | DE93: =V93 -> 0 | DF93: =W93 -> 0 | DG93: =X93 -> 0 | DH93: =Z93 -> 0 | DI93: =AD93 -> 0 | DL93: =AE93 -> 0 | DM93: =AG93 -> 0 | DN93: =IF(G93="","",G93) | DO93: =AM93/24*HOURS -> 0 | DP93: =IF(OR(D93="SI",B93="",D93="T&A"),"",VLOOKUP(B93,WELL_FIELD,2)) | EB93: =IF(B93="","","KHALDA_WELL") -> KHALDA_WELL | EC93: =REPORTDATE-1 -> 46298 | ED93: =B93 -> FIRESTONE-01 | EE93: =I93 -> NO P.CK | EF93: =J93 -> 230 | EG93: =E93 -> 0 | EH93: =IF(CZ93=0,"SI",D93) -> SI | EK93: =IF(G93="","",G93) | EL93: =AJ93 -> 99 | EM93: =W93 -> 0 | EQ93: =Y93 -> 0 | ER93: =Z93 -> 0 | ES93: =X93 -> 0 | ET93: =AD93 -> 0 | EX93: =AE93 -> 0 | EZ93: =S93 -> 0 | FA93: =T93 -> 0 | FB93: =U93 -> 0 | FD93: =AN93 -> Is considered as condensate at the GP report.
B94: HAWK-01 | C94: ARE | D94: SI | E94: 0 | F94: =IF(E94=0,0,((AI94*(1-(AJ94/100)))/24)*(24-HOURS)) -> 0 | I94: NO P.CK | J94: 0 | K94: 0 | L94: 0 | P94: 3855 | Q94: 3986 | R94: 8200 | AD94: 0 | AE94: 0 | AF94: =AK94/24*E94 -> 0 | AG94: =AM94/24*E94 -> 0 | AH94: 41432 | AI94: 0 | AJ94: 0 | AK94: 0 | AM94: =IF(BFPD=0,0,BFPD*(1-BSW/100)) -> 0 | AN94: Cable in hole T&A | CJ94: =+IF(D94="SI",0,AI94*AJ94/100) -> 0 | CU94: KHALDA_WELL77 | CV94: =REPORTDATE-1 -> 46298 | CW94: =$CT$3&B94 -> 9HAWK-01 | CX94: =I94 -> NO P.CK | CY94: =J94 -> 0 | CZ94: =E94 -> 0 | DA94: =IF(CZ94=0,"SI",D94) -> SI | DC94: =E94*((H94*1000)/24) -> 0 | DD94: =N94 -> 0 | DE94: =V94 -> 0 | DF94: =W94 -> 0 | DG94: =X94 -> 0 | DH94: =Z94 -> 0 | DI94: =AD94 -> 0 | DL94: =AE94 -> 0 | DM94: =AG94 -> 0 | DN94: =IF(G94="","",G94) | DO94: =AM94/24*HOURS -> 0 | DP94: =IF(OR(D94="SI",B94="",D94="T&A"),"",VLOOKUP(B94,WELL_FIELD,2)) | EB94: =IF(B94="","","KHALDA_WELL") -> KHALDA_WELL | EC94: =REPORTDATE-1 -> 46298 | ED94: =B94 -> HAWK-01 | EE94: =I94 -> NO P.CK | EF94: =J94 -> 0 | EG94: =E94 -> 0 | EH94: =IF(CZ94=0,"SI",D94) -> SI | EK94: =IF(G94="","",G94) | EL94: =AJ94 -> 0 | EM94: =W94 -> 0 | EQ94: =Y94 -> 0 | ER94: =Z94 -> 0 | ES94: =X94 -> 0 | ET94: =AD94 -> 0 | EX94: =AE94 -> 0 | EZ94: =S94 -> 0 | FA94: =T94 -> 0 | FB94: =U94 -> 0 | FD94: =AN94 -> Cable in hole T&A
B95: HAWK-03 | C95: ARE | D95: SRP | E95: 24 | F95: =IF(E95=0,0,((AI95*(1-(AJ95/100)))/24)*(24-HOURS)) -> 0 | I95: NO P.CK | J95: 160 | K95: 160 | L95: 0 | O95: 46262 | P95: 7490 | Q95: 1388 | R95: 8878 | S95: 100 | T95: 39 | U95: 82 | X95: 102 | Y95: 5.3 | Z95: 43807 | AF95: =AK95/24*E95 -> 0 | AG95: =AM95/24*E95 -> 33.82 | AH95: 46170 | AI95: 38 | AJ95: 11 | AK95: 0 | AM95: =IF(BFPD=0,0,BFPD*(1-BSW/100)) -> 33.82 | CJ95: =+IF(D95="SI",0,AI95*AJ95/100) -> 4.18 | CU95: KHALDA_WELL78 | CV95: =REPORTDATE-1 -> 46298 | CW95: =$CT$3&B95 -> 9HAWK-03 | CX95: =I95 -> NO P.CK | CY95: =J95 -> 160 | CZ95: =E95 -> 24 | DA95: =IF(CZ95=0,"SI",D95) -> SRP | DC95: =E95*((H95*1000)/24) -> 0 | DD95: =N95 -> 0 | DE95: =V95 -> 0 | DF95: =W95 -> 0 | DG95: =X95 -> 102 | DH95: =Z95 -> 43807 | DI95: =AD95 -> 0 | DL95: =AE95 -> 0 | DM95: =AG95 -> 33.82 | DN95: =IF(G95="","",G95) | DO95: =AM95/24*HOURS -> 33.82 | DP95: =IF(OR(D95="SI",B95="",D95="T&A"),"",VLOOKUP(B95,WELL_FIELD,2)) -> HAWK | EB95: =IF(B95="","","KHALDA_WELL") -> KHALDA_WELL | EC95: =REPORTDATE-1 -> 46298 | ED95: =B95 -> HAWK-03 | EE95: =I95 -> NO P.CK | EF95: =J95 -> 160 | EG95: =E95 -> 24 | EH95: =IF(CZ95=0,"SI",D95) -> SRP | EK95: =IF(G95="","",G95) | EL95: =AJ95 -> 11 | EM95: =W95 -> 0 | EQ95: =Y95 -> 5.3 | ER95: =Z95 -> 43807 | ES95: =X95 -> 102 | ET95: =AD95 -> 0 | EX95: =AE95 -> 0 | EZ95: =S95 -> 100 | FA95: =T95 -> 39 | FB95: =U95 -> 82 | FD95: =AN95 -> 0
B96: HAWK-06 | C96: ARE | D96: ESP | E96: 24 | F96: =IF(E96=0,0,((AI96*(1-(AJ96/100)))/24)*(24-HOURS)) -> 0 | J96: 180 | K96: 160 | L96: 160 | AD96: 33 | AE96: 60 | AF96: =AK96/24*E96 -> 0.283 | AG96: =AM96/24*E96 -> 476.28 | AH96: 46295 | AI96: 490 | AJ96: 2.8 | AK96: 0.283 | AM96: =IF(BFPD=0,0,BFPD*(1-BSW/100)) -> 476.28 | CU96: KHALDA_WELL79 | CV96: =REPORTDATE-1 -> 46298 | CW96: =$CT$3&B96 -> 9HAWK-06 | CX96: =I96 -> 0 | CY96: =J96 -> 180 | CZ96: =E96 -> 24 | DA96: =IF(CZ96=0,"SI",D96) -> ESP | DC96: =E96*((H96*1000)/24) -> 0 | DD96: =N96 -> 0 | DE96: =V96 -> 0 | DF96: =W96 -> 0 | DG96: =X96 -> 0 | DH96: =Z96 -> 0 | DI96: =AD96 -> 33 | DL96: =AE96 -> 60 | DM96: =AG96 -> 476.28 | DN96: =IF(G96="","",G96) | DO96: =AM96/24*HOURS -> 476.28 | DP96: =IF(OR(D96="SI",B96="",D96="T&A"),"",VLOOKUP(B96,WELL_FIELD,2)) -> HAWK | EB96: =IF(B96="","","KHALDA_WELL") -> KHALDA_WELL | EC96: =REPORTDATE-1 -> 46298 | ED96: =B96 -> HAWK-06 | EE96: =I96 -> 0 | EF96: =J96 -> 180 | EG96: =E96 -> 24 | EH96: =IF(CZ96=0,"SI",D96) -> ESP | EK96: =IF(G96="","",G96) | EL96: =AJ96 -> 2.8 | EM96: =W96 -> 0 | EQ96: =Y96 -> 0 | ER96: =Z96 -> 0 | ES96: =X96 -> 0 | ET96: =AD96 -> 33 | EX96: =AE96 -> 60 | EZ96: =S96 -> 0 | FA96: =T96 -> 0 | FB96: =U96 -> 0 | FD96: =AN96 -> 0
B97: HAWK-07 | C97: ARE | D97: ESP | E97: 24 | F97: =IF(E97=0,0,((AI97*(1-(AJ97/100)))/24)*(24-HOURS)) -> 0 | I97: NO P.CK | J97: 230 | K97: 150 | L97: 70 | AD97: 30 | AE97: 53 | AF97: =AK97/24*E97 -> 0 | AG97: =AM97/24*E97 -> 553.41 | AH97: 46295 | AI97: 559 | AJ97: 1 | AK97: 0 | AM97: =IF(BFPD=0,0,BFPD*(1-BSW/100)) -> 553.41 | CJ97: =+IF(D97="SI",0,AI97*AJ97/100) -> 5.59 | CU97: KHALDA_WELL80 | CV97: =REPORTDATE-1 -> 46298 | CW97: =$CT$3&B97 -> 9HAWK-07 | CX97: =I97 -> NO P.CK | CY97: =J97 -> 230 | CZ97: =E97 -> 24 | DA97: =IF(CZ97=0,"SI",D97) -> ESP | DC97: =E97*((H97*1000)/24) -> 0 | DD97: =N97 -> 0 | DE97: =V97 -> 0 | DF97: =W97 -> 0 | DG97: =X97 -> 0 | DH97: =Z97 -> 0 | DI97: =AD97 -> 30 | DL97: =AE97 -> 53 | DM97: =AG97 -> 553.41 | DN97: =IF(G97="","",G97) | DO97: =AM97/24*HOURS -> 553.41 | DP97: =IF(OR(D97="SI",B97="",D97="T&A"),"",VLOOKUP(B97,WELL_FIELD,2)) -> HAWK | EB97: =IF(B97="","","KHALDA_WELL") -> KHALDA_WELL | EC97: =REPORTDATE-1 -> 46298 | ED97: =B97 -> HAWK-07 | EE97: =I97 -> NO P.CK | EF97: =J97 -> 230 | EG97: =E97 -> 24 | EH97: =IF(CZ97=0,"SI",D97) -> ESP | EK97: =IF(G97="","",G97) | EL97: =AJ97 -> 1 | EM97: =W97 -> 0 | EQ97: =Y97 -> 0 | ER97: =Z97 -> 0 | ES97: =X97 -> 0 | ET97: =AD97 -> 30 | EX97: =AE97 -> 53 | EZ97: =S97 -> 0 | FA97: =T97 -> 0 | FB97: =U97 -> 0 | FD97: =AN97 -> 0
B98: MAHROUSSA-D01 | C98: ARC | D98: SRP | E98: 24 | F98: =IF(E98=0,0,((AI98*(1-(AJ98/100)))/24)*(24-HOURS)) -> 0 | I98: NO P.CK | J98: 400 | K98: na | L98: 0 | O98: 46293 | P98: 7011 | Q98: 2601 | R98: 10139 | S98: 100 | T98: 99 | U98: 82 | AF98: =AK98/24*E98 -> 0 | AG98: =AM98/24*E98 -> 47.52 | AH98: 46290 | AI98: 48 | AJ98: 1 | AK98: 0 | AM98: =IF(BFPD=0,0,BFPD*(1-BSW/100)) -> 47.52 | CU98: KHALDA_WELL81 | CV98: =REPORTDATE-1 -> 46298 | CW98: =$CT$3&B98 -> 9MAHROUSSA-D01 | CX98: =I98 -> NO P.CK | CY98: =J98 -> 400 | CZ98: =E98 -> 24 | DA98: =IF(CZ98=0,"SI",D98) -> SRP | DC98: =E98*((H98*1000)/24) -> 0 | DD98: =N98 -> 0 | DE98: =V98 -> 0 | DF98: =W98 -> 0 | DG98: =X98 -> 0 | DH98: =Z98 -> 0 | DI98: =AD98 -> 0 | DL98: =AE98 -> 0 | DM98: =AG98 -> 47.52 | DN98: =IF(G98="","",G98) | DO98: =AM98/24*HOURS -> 47.52 | DP98: =IF(OR(D98="SI",B98="",D98="T&A"),"",VLOOKUP(B98,WELL_FIELD,2,FALSE)) -> MAHROUSSA-D | EB98: =IF(B98="","","KHALDA_WELL") -> KHALDA_WELL | EC98: =REPORTDATE-1 -> 46298 | ED98: =B98 -> MAHROUSSA-D01 | EE98: =I98 -> NO P.CK | EF98: =J98 -> 400 | EG98: =E98 -> 24 | EH98: =IF(CZ98=0,"SI",D98) -> SRP | EK98: =IF(G98="","",G98) | EL98: =AJ98 -> 1 | EM98: =W98 -> 0 | EQ98: =Y98 -> 0 | ER98: =Z98 -> 0 | ES98: =X98 -> 0 | ET98: =AD98 -> 0 | EX98: =AE98 -> 0 | EZ98: =S98 -> 100 | FA98: =T98 -> 99 | FB98: =U98 -> 82 | FD98: =AN98 -> 0
B99: MEGHAR-01 | C99: MULTIZONE | D99: SI | E99: 0 | F99: =IF(E99=0,0,((AI99*(1-(AJ99/100)))/24)*(24-HOURS)) -> 0 | I99: OPEN | J99: 230 | K99: 220 | L99: 0 | AF99: =AK99/24*E99 -> 0 | AG99: =AM99/24*E99 -> 0 | AH99: 45962 | AI99: 49 | AJ99: 13 | AK99: 1.664 | AM99: =IF(BFPD=0,0,BFPD*(1-BSW/100)) -> 42.63 | AN99: Gas well | CJ99: =+IF(D99="SI",0,AI99*AJ99/100) -> 0 | CU99: KHALDA_WELL79 | CV99: =REPORTDATE-1 -> 46298 | CW99: =$CT$3&B99 -> 9MEGHAR-01 | CX99: =I99 -> OPEN | CY99: =J99 -> 230 | CZ99: =E99 -> 0 | DA99: =IF(CZ99=0,"SI",D99) -> SI | DC99: =E99*((H99*1000)/24) -> 0 | DD99: =N99 -> 0 | DE99: =V99 -> 0 | DF99: =W99 -> 0 | DG99: =X99 -> 0 | DH99: =Z99 -> 0 | DI99: =AD99 -> 0 | DL99: =AE99 -> 0 | DM99: =AG99 -> 0 | DN99: =IF(G99="","",G99) | DO99: =AM99/24*HOURS -> 0 | DP99: =IF(OR(D99="SI",B99="",D99="T&A"),"",VLOOKUP(B99,WELL_FIELD,2)) | EB99: =IF(B99="","","KHALDA_WELL") -> KHALDA_WELL | EC99: =REPORTDATE-1 -> 46298 | ED99: =B99 -> MEGHAR-01 | EE99: =I99 -> OPEN | EF99: =J99 -> 230 | EG99: =E99 -> 0 | EH99: =IF(CZ99=0,"SI",D99) -> SI | EK99: =IF(G99="","",G99) | EL99: =AJ99 -> 13 | EM99: =W99 -> 0 | EQ99: =Y99 -> 0 | ER99: =Z99 -> 0 | ES99: =X99 -> 0 | ET99: =AD99 -> 0 | EX99: =AE99 -> 0 | EZ99: =S99 -> 0 | FA99: =T99 -> 0 | FB99: =U99 -> 0 | FD99: =AN99 -> Gas well
B100: MEGHAR-02 | C100: ARC | D100: SI | E100: 0 | F100: =IF(E100=0,0,((AI100*(1-(AJ100/100)))/24)*(24-HOURS)) -> 0 | I100: NO P.CK | J100: 0 | K100: 0 | L100: 0 | O100: 26/7/2021 | P100: 8966 | Q100: 12 | R100: 8984 | S100: 0 | T100: 0 | U100: 0 | AF100: =AK100/24*E100 -> 0 | AG100: =AM100/24*E100 -> 0 | AH100: 43512 | AI100: 0 | AJ100: 0 | AM100: =IF(BFPD=0,0,BFPD*(1-BSW/100)) -> 0 | CJ100: =+IF(D100="SI",0,AI100*AJ100/100) -> 0 | CU100: KHALDA_WELL80 | CV100: =REPORTDATE-1 -> 46298 | CW100: =$CT$3&B100 -> 9MEGHAR-02 | CX100: =I100 -> NO P.CK | CY100: =J100 -> 0 | CZ100: =E100 -> 0 | DA100: =IF(CZ100=0,"SI",D100) -> SI | DC100: =E100*((H100*1000)/24) -> 0 | DD100: =N100 -> 0 | DE100: =V100 -> 0 | DF100: =W100 -> 0 | DG100: =X100 -> 0 | DH100: =Z100 -> 0 | DI100: =AD100 -> 0 | DL100: =AE100 -> 0 | DM100: =AG100 -> 0 | DN100: =IF(G100="","",G100) | DO100: =AM100/24*HOURS -> 0 | DP100: =IF(OR(D100="SI",B100="",D100="T&A"),"",VLOOKUP(B100,WELL_FIELD,2)) | EB100: =IF(B100="","","KHALDA_WELL") -> KHALDA_WELL | EC100: =REPORTDATE-1 -> 46298 | ED100: =B100 -> MEGHAR-02 | EE100: =I100 -> NO P.CK | EF100: =J100 -> 0 | EG100: =E100 -> 0 | EH100: =IF(CZ100=0,"SI",D100) -> SI | EK100: =IF(G100="","",G100) | EL100: =AJ100 -> 0 | EM100: =W100 -> 0 | EQ100: =Y100 -> 0 | ER100: =Z100 -> 0 | ES100: =X100 -> 0 | ET100: =AD100 -> 0 | EX100: =AE100 -> 0 | EZ100: =S100 -> 0 | FA100: =T100 -> 0 | FB100: =U100 -> 0 | FD100: =AN100 -> 0
...

Sheet WATER FLOOD WELLS
B1: WATER FLOOD WELL DATA | N1: =REPDATE -> 46299
B2: WELL NAME | C2: ZONE | D2: STATUS | E2: HRS ONLINE | F2: DOWNTIME CAUSE | G2: CHOKE 64th | H2: ACTUAL INJ QTY bbl | I2: REQ INJ QTY bbl | J2: FLUSH INJ QTY bbl | K2: WHIP PSI | L2: CSG PSI | M2: FLUSH HRS | N2: CUM INJ | O2: WELLS SUPPORTED | P2: MEASURED BY | Q2: LAST MEASUREMENT DATE | R2: COMMENTS | V2: CUM INJ | AV2: 9 | AW2: FV TAG | AX2: DATE | AY2: WELL | AZ2: INJECTION | BA2: WHIP | BB2: HOURS | BC2: STATUS | BD2: CK | BE2: INJ TARG | BF2: SUPPORTED WELLS | BG2: FLUSH RATE | BH2: FLUSH HRS | BI2: DOWNTIME CAUSE | BJ2: FIELD
B3: AG-93 | C3: ARE | D3: INJ | E3: 22 | F3: Facility Constraint | H3: 1531 | I3: 1500 | J3: 0 | K3: 0 | L3: 0 | M3: 0 | N3: =YSTCUM+H3 -> #VALUE! | O3: AG-83 | P3: FIXED FLOW METER | V3: #VALUE! | AW3: =IF(B3="","","KHALDA_INJ") -> KHALDA_INJ | AX3: =IF(AW3="","",REPORTDATE-1) -> 46298 | AY3: =IF(B3="","",$AV$2&B3) -> 9AG-93 | AZ3: =IF(B3="","",IF(BB3=0,0,H3)) -> 1531 | BA3: =IF(B3="","",K3) -> 0 | BB3: =IF(B3="","",E3) -> 22 | BC3: =IF(B3="","",D3) -> INJ | BD3: =+G3 -> 0 | BE3: =IF(B3="","",I3) -> 1500 | BF3: =IF(O3="","",O3) -> AG-83 | BG3: =J3 -> 0 | BH3: =M3 -> 0 | BI3: =IF(F3="","",F3) -> Facility Constraint | BJ3: =IF(D3="SI","",VLOOKUP(B3,WELL_FIELD,2)) -> AG | BK3: =VLOOKUP(B3,WELL_FIELD,2) -> AG
B4: AG-134 | C4: ARE | D4: SI | E4: 0 | F4: Reservoir Study/Management | H4: 0 | I4: 0 | J4: 0 | K4: 0 | L4: 0 | M4: 0 | N4: =YSTCUM+H4 -> #NAME? | O4: AG-132 | P4: FIXED FLOW METER | V4: #NAME? | AW4: =IF(B4="","","KHALDA_INJ") -> KHALDA_INJ | AX4: =IF(AW4="","",REPORTDATE-1) -> 46298 | AY4: =IF(B4="","",$AV$2&B4) -> 9AG-134 | AZ4: =IF(B4="","",IF(BB4=0,0,H4)) -> 0 | BA4: =IF(B4="","",K4) -> 0 | BB4: =IF(B4="","",E4) -> 0 | BC4: =IF(B4="","",D4) -> SI | BD4: =+G4 -> 0 | BE4: =IF(B4="","",I4) -> 0 | BF4: =IF(O4="","",O4) -> AG-132 | BG4: =J4 -> 0 | BH4: =M4 -> 0 | BI4: =IF(F4="","",F4) -> Reservoir Study/Management | BJ4: =IF(D4="SI","",VLOOKUP(B4,WELL_FIELD,2)) | BK4: =VLOOKUP(B4,WELL_FIELD,2) -> AG
B5: AG-30 | C5: ARC | D5: SI | E5: 0 | F5: Reservoir Study/Management | H5: 0 | I5: 0 | J5: 0 | K5: 0 | L5: 0 | M5: 0 | N5: =YSTCUM+H5 -> #NAME? | V5: #NAME? | AW5: =IF(B5="","","KHALDA_INJ") -> KHALDA_INJ | AX5: =IF(AW5="","",REPORTDATE-1) -> 46298 | AY5: =IF(B5="","",$AV$2&B5) -> 9AG-30 | AZ5: =IF(B5="","",IF(BB5=0,0,H5)) -> 0 | BA5: =IF(B5="","",K5) -> 0 | BB5: =IF(B5="","",E5) -> 0 | BC5: =IF(B5="","",D5) -> SI | BD5: =+G5 -> 0 | BE5: =IF(B5="","",I5) -> 0 | BF5: =IF(O5="","",O5) | BG5: =J5 -> 0 | BH5: =M5 -> 0 | BI5: =IF(F5="","",F5) -> Reservoir Study/Management | BJ5: =IF(D5="SI","",VLOOKUP(B5,WELL_FIELD,2)) | BK5: =VLOOKUP(B5,WELL_FIELD,2) -> AG
B6: AG-46ST1 | C6: ARC | D6: SI | E6: 0 | F6: Reservoir Study/Management | H6: 0 | I6: 0 | J6: 0 | K6: 0 | L6: 0 | M6: 0 | N6: =YSTCUM+H6 -> #NAME? | V6: #NAME? | AW6: =IF(B6="","","KHALDA_INJ") -> KHALDA_INJ | AX6: =IF(AW6="","",REPORTDATE-1) -> 46298 | AY6: =IF(B6="","",$AV$2&B6) -> 9AG-46ST1 | AZ6: =IF(B6="","",IF(BB6=0,0,H6)) -> 0 | BA6: =IF(B6="","",K6) -> 0 | BB6: =IF(B6="","",E6) -> 0 | BC6: =IF(B6="","",D6) -> SI | BD6: =+G6 -> 0 | BE6: =IF(B6="","",I6) -> 0 | BF6: =IF(O6="","",O6) | BG6: =J6 -> 0 | BH6: =M6 -> 0 | BI6: =IF(F6="","",F6) -> Reservoir Study/Management | BJ6: =IF(D6="SI","",VLOOKUP(B6,WELL_FIELD,2)) | BK6: =VLOOKUP(B6,WELL_FIELD,2) -> AG
B7: AG-69 | C7: ARE | D7: INJ | E7: 20 | F7: Facility Constraint | H7: 1155 | I7: 1250 | J7: 0 | K7: 0 | L7: 0 | M7: 0 | N7: =YSTCUM+H7 -> 210106.25 | O7: AG-02 | V7: 208951.25 | AW7: =IF(B7="","","KHALDA_INJ") -> KHALDA_INJ | AX7: =IF(AW7="","",REPORTDATE-1) -> 46298 | AY7: =IF(B7="","",$AV$2&B7) -> 9AG-69 | AZ7: =IF(B7="","",IF(BB7=0,0,H7)) -> 1155 | BA7: =IF(B7="","",K7) -> 0 | BB7: =IF(B7="","",E7) -> 20 | BC7: =IF(B7="","",D7) -> INJ | BD7: =+G7 -> 0 | BE7: =IF(B7="","",I7) -> 1250 | BF7: =IF(O7="","",O7) -> AG-02 | BG7: =J7 -> 0 | BH7: =M7 -> 0 | BI7: =IF(F7="","",F7) -> Facility Constraint | BJ7: =IF(D7="SI","",VLOOKUP(B7,WELL_FIELD,2)) -> SAG | BK7: =VLOOKUP(B7,WELL_FIELD,2) -> SAG
B8: AG-89 | C8: ARG | D8: SI | E8: 0 | F8: Reservoir Study/Management | H8: 0 | I8: 0 | J8: 0 | K8: 0 | L8: 0 | M8: 0 | N8: =YSTCUM+H8 -> #NAME? | O8: AG-81, 91,57, 152 | V8: #NAME? | AW8: =IF(B8="","","KHALDA_INJ") -> KHALDA_INJ | AX8: =IF(AW8="","",REPORTDATE-1) -> 46298 | AY8: =IF(B8="","",$AV$2&B8) -> 9AG-89 | AZ8: =IF(B8="","",IF(BB8=0,0,H8)) -> 0 | BA8: =IF(B8="","",K8) -> 0 | BB8: =IF(B8="","",E8) -> 0 | BC8: =IF(B8="","",D8) -> SI | BD8: =+G8 -> 0 | BE8: =IF(B8="","",I8) -> 0 | BF8: =IF(O8="","",O8) -> AG-81, 91,57, 152 | BG8: =J8 -> 0 | BH8: =M8 -> 0 | BI8: =IF(F8="","",F8) -> Reservoir Study/Management | BJ8: =IF(D8="SI","",VLOOKUP(B8,WELL_FIELD,2)) | BK8: =VLOOKUP(B8,WELL_FIELD,2) -> SAG
B9: AG-98 | C9: ARG | D9: SI | E9: 0 | F9: Reservoir Study/Management | H9: 0 | I9: 0 | J9: 0 | K9: 0 | L9: 0 | M9: 0 | N9: =YSTCUM+H9 -> #NAME? | V9: #NAME? | AW9: =IF(B9="","","KHALDA_INJ") -> KHALDA_INJ | AX9: =IF(AW9="","",REPORTDATE-1) -> 46298 | AY9: =IF(B9="","",$AV$2&B9) -> 9AG-98 | AZ9: =IF(B9="","",IF(BB9=0,0,H9)) -> 0 | BA9: =IF(B9="","",K9) -> 0 | BB9: =IF(B9="","",E9) -> 0 | BC9: =IF(B9="","",D9) -> SI | BD9: =+G9 -> 0 | BE9: =IF(B9="","",I9) -> 0 | BF9: =IF(O9="","",O9) | BG9: =J9 -> 0 | BH9: =M9 -> 0 | BI9: =IF(F9="","",F9) -> Reservoir Study/Management | BJ9: =IF(D9="SI","",VLOOKUP(B9,WELL_FIELD,2)) | BK9: =VLOOKUP(B9,WELL_FIELD,2) -> AG
B10: AG-109 | C10: ARD/ARG | D10: SI | E10: 0 | F10: Reservoir Study/Management | H10: 0 | I10: 0 | J10: 0 | K10: 0 | L10: 0 | M10: 0 | N10: =YSTCUM+H10 -> #NAME? | V10: #NAME? | AW10: =IF(B10="","","KHALDA_INJ") -> KHALDA_INJ | AX10: =IF(AW10="","",REPORTDATE-1) -> 46298 | AY10: =IF(B10="","",$AV$2&B10) -> 9AG-109 | AZ10: =IF(B10="","",IF(BB10=0,0,H10)) -> 0 | BA10: =IF(B10="","",K10) -> 0 | BB10: =IF(B10="","",E10) -> 0 | BC10: =IF(B10="","",D10) -> SI | BD10: =+G10 -> 0 | BE10: =IF(B10="","",I10) -> 0 | BF10: =IF(O10="","",O10) | BG10: =J10 -> 0 | BH10: =M10 -> 0 | BI10: =IF(F10="","",F10) -> Reservoir Study/Management | BJ10: =IF(D10="SI","",VLOOKUP(B10,WELL_FIELD,2)) | BK10: =VLOOKUP(B10,WELL_FIELD,2) -> SAG
B11: AG-113 | C11: ARD/ARG | D11: SI | E11: 0 | F11: Reservoir Study/Management | H11: 0 | I11: 0 | J11: 0 | K11: 0 | L11: 0 | M11: 0 | N11: =YSTCUM+H11 -> #NAME? | V11: #NAME? | AW11: =IF(B11="","","KHALDA_INJ") -> KHALDA_INJ | AX11: =IF(AW11="","",REPORTDATE-1) -> 46298 | AY11: =IF(B11="","",$AV$2&B11) -> 9AG-113 | AZ11: =IF(B11="","",IF(BB11=0,0,H11)) -> 0 | BA11: =IF(B11="","",K11) -> 0 | BB11: =IF(B11="","",E11) -> 0 | BC11: =IF(B11="","",D11) -> SI | BD11: =+G11 -> 0 | BE11: =IF(B11="","",I11) -> 0 | BF11: =IF(O11="","",O11) | BG11: =J11 -> 0 | BH11: =M11 -> 0 | BI11: =IF(F11="","",F11) -> Reservoir Study/Management | BJ11: =IF(D11="SI","",VLOOKUP(B11,WELL_FIELD,2)) | BK11: =VLOOKUP(B11,WELL_FIELD,2) -> SAG
B12: AG-114ST | C12: ARD/ARG | D12: SI | E12: 0 | F12: Reservoir Study/Management | H12: 0 | I12: 0 | J12: 0 | K12: 0 | L12: 0 | M12: 0 | N12: =YSTCUM+H12 -> #NAME? | V12: #NAME? | AW12: =IF(B12="","","KHALDA_INJ") -> KHALDA_INJ | AX12: =IF(AW12="","",REPORTDATE-1) -> 46298 | AY12: =IF(B12="","",$AV$2&B12) -> 9AG-114ST | AZ12: =IF(B12="","",IF(BB12=0,0,H12)) -> 0 | BA12: =IF(B12="","",K12) -> 0 | BB12: =IF(B12="","",E12) -> 0 | BC12: =IF(B12="","",D12) -> SI | BD12: =+G12 -> 0 | BE12: =IF(B12="","",I12) -> 0 | BF12: =IF(O12="","",O12) | BG12: =J12 -> 0 | BH12: =M12 -> 0 | BI12: =IF(F12="","",F12) -> Reservoir Study/Management | BJ12: =IF(D12="SI","",VLOOKUP(B12,WELL_FIELD,2)) | BK12: =VLOOKUP(B12,WELL_FIELD,2) -> SAG
B13: AG-124ST | C13: ARG | D13: SI | E13: 0 | F13: Reservoir Study/Management | H13: 0 | I13: 0 | J13: 0 | K13: 0 | L13: 0 | M13: 0 | N13: =YSTCUM+H13 -> #NAME? | V13: #NAME? | AW13: =IF(B13="","","KHALDA_INJ") -> KHALDA_INJ | AX13: =IF(AW13="","",REPORTDATE-1) -> 46298 | AY13: =IF(B13="","",$AV$2&B13) -> 9AG-124ST | AZ13: =IF(B13="","",IF(BB13=0,0,H13)) -> 0 | BA13: =IF(B13="","",K13) -> 0 | BB13: =IF(B13="","",E13) -> 0 | BC13: =IF(B13="","",D13) -> SI | BD13: =+G13 -> 0 | BE13: =IF(B13="","",I13) -> 0 | BF13: =IF(O13="","",O13) | BG13: =J13 -> 0 | BH13: =M13 -> 0 | BI13: =IF(F13="","",F13) -> Reservoir Study/Management | BJ13: =IF(D13="SI","",VLOOKUP(B13,WELL_FIELD,2)) | BK13: =VLOOKUP(B13,WELL_FIELD,2) -> AG
B14: AG-126ST2 | C14: ARD/ARG | D14: SI | E14: 0 | F14: Reservoir Study/Management | H14: 0 | I14: 0 | J14: 0 | K14: 0 | L14: 0 | M14: 0 | N14: =YSTCUM+H14 -> #NAME? | V14: #NAME? | AW14: =IF(B14="","","KHALDA_INJ") -> KHALDA_INJ | AX14: =IF(AW14="","",REPORTDATE-1) -> 46298 | AY14: =IF(B14="","",$AV$2&B14) -> 9AG-126ST2 | AZ14: =IF(B14="","",IF(BB14=0,0,H14)) -> 0 | BA14: =IF(B14="","",K14) -> 0 | BB14: =IF(B14="","",E14) -> 0 | BC14: =IF(B14="","",D14) -> SI | BD14: =+G14 -> 0 | BE14: =IF(B14="","",I14) -> 0 | BF14: =IF(O14="","",O14) | BG14: =J14 -> 0 | BH14: =M14 -> 0 | BI14: =IF(F14="","",F14) -> Reservoir Study/Management | BJ14: =IF(D14="SI","",VLOOKUP(B14,WELL_FIELD,2)) | BK14: =VLOOKUP(B14,WELL_FIELD,2) -> SAG
B15: AG-155 | C15: ARG | D15: SI | E15: 0 | F15: Reservoir Study/Management | H15: 0 | I15: 0 | J15: 0 | K15: 0 | L15: 0 | M15: 0 | O15: AG-158 | P15: FIXED FLOW METER | AW15: =IF(B15="","","KHALDA_INJ") -> KHALDA_INJ | AX15: =IF(AW15="","",REPORTDATE-1) -> 46298 | AY15: =IF(B15="","",$AV$2&B15) -> 9AG-155 | AZ15: =IF(B15="","",IF(BB15=0,0,H15)) -> 0 | BA15: =IF(B15="","",K15) -> 0 | BB15: =IF(B15="","",E15) -> 0 | BC15: =IF(B15="","",D15) -> SI | BD15: =+G15 -> 0 | BE15: =IF(B15="","",I15) -> 0 | BF15: =IF(O15="","",O15) -> AG-158 | BG15: =J15 -> 0 | BH15: =M15 -> 0 | BI15: =IF(F15="","",F15) -> Reservoir Study/Management | BJ15: =IF(D15="SI","",VLOOKUP(B15,WELL_FIELD,2)) | BK15: =VLOOKUP(B15,WELL_FIELD,2) -> SAG
B16: AG-229 | C16: ARE | D16: INJ | E16: 24 | F16: Facility Constraint | H16: 618 | I16: 500 | J16: 0 | K16: 0 | L16: 0 | M16: 0 | O16: AG-29A | P16: FIXED FLOW METER | AW16: =IF(B16="","","KHALDA_INJ") -> KHALDA_INJ | AX16: =IF(AW16="","",REPORTDATE-1) -> 46298 | AY16: =IF(B16="","",$AV$2&B16) -> 9AG-229 | AZ16: =IF(B16="","",IF(BB16=0,0,H16)) -> 618 | BA16: =IF(B16="","",K16) -> 0 | BB16: =IF(B16="","",E16) -> 24 | BC16: =IF(B16="","",D16) -> INJ | BD16: =+G16 -> 0 | BE16: =IF(B16="","",I16) -> 500 | BF16: =IF(O16="","",O16) -> AG-29A | BG16: =J16 -> 0 | BH16: =M16 -> 0 | BI16: =IF(F16="","",F16) -> Facility Constraint | BJ16: =IF(D16="SI","",VLOOKUP(B16,WELL_FIELD,2)) -> AG | BK16: =VLOOKUP(B16,WELL_FIELD,2) -> AG
B17: AG-231 | C17: ARC | D17: INJ | E17: 24 | F17: Facility Constraint | H17: 4052 | I17: 4000 | J17: 0 | K17: 0 | L17: 0 | M17: 0 | O17: AG-31 | P17: FIXED FLOW METER | AW17: =IF(B17="","","KHALDA_INJ") -> KHALDA_INJ | AX17: =IF(AW17="","",REPORTDATE-1) -> 46298 | AY17: =IF(B17="","",$AV$2&B17) -> 9AG-231 | AZ17: =IF(B17="","",IF(BB17=0,0,H17)) -> 4052 | BA17: =IF(B17="","",K17) -> 0 | BB17: =IF(B17="","",E17) -> 24 | BC17: =IF(B17="","",D17) -> INJ | BD17: =+G17 -> 0 | BE17: =IF(B17="","",I17) -> 4000 | BF17: =IF(O17="","",O17) -> AG-31 | BG17: =J17 -> 0 | BH17: =M17 -> 0 | BI17: =IF(F17="","",F17) -> Facility Constraint | BJ17: =IF(D17="SI","",VLOOKUP(B17,WELL_FIELD,2)) -> AG | BK17: =VLOOKUP(B17,WELL_FIELD,2) -> AG
B18: HAWK-05ST | C18: ARE | D18: INJ | E18: 22 | F18: Facility Constraint | H18: 1458 | I18: 1500 | J18: 0 | K18: 40 | L18: 0 | M18: 0 | N18: =YSTCUM+H18 -> #NAME? | O18: HAWK-06 | P18: FIXED FLOW METER | V18: #NAME? | AW18: =IF(B18="","","KHALDA_INJ") -> KHALDA_INJ | AX18: =IF(AW18="","",REPORTDATE-1) -> 46298 | AY18: =IF(B18="","",$AV$2&B18) -> 9HAWK-05ST | AZ18: =IF(B18="","",IF(BB18=0,0,H18)) -> 1458 | BA18: =IF(B18="","",K18) -> 40 | BB18: =IF(B18="","",E18) -> 22 | BC18: =IF(B18="","",D18) -> INJ | BD18: =+G18 -> 0 | BE18: =IF(B18="","",I18) -> 1500 | BF18: =IF(O18="","",O18) -> HAWK-06 | BG18: =J18 -> 0 | BH18: =M18 -> 0 | BI18: =IF(F18="","",F18) -> Facility Constraint | BJ18: =IF(D18="SI","",VLOOKUP(B18,WELL_FIELD,2)) -> HAWK | BK18: =VLOOKUP(B18,WELL_FIELD,2) -> HAWK
B19: NAG-03 | C19: ARE | D19: INJ | E19: 24 | F19: Facility Constraint | H19: 2491 | I19: 2500 | J19: 0 | K19: 1760 | L19: 0 | M19: 0 | O19: NAG-06 | P19: FIXED FLOW METER | AW19: =IF(B19="","","KHALDA_INJ") -> KHALDA_INJ | AX19: =IF(AW19="","",REPORTDATE-1) -> 46298 | AY19: =IF(B19="","",$AV$2&B19) -> 9NAG-03 | AZ19: =IF(B19="","",IF(BB19=0,0,H19)) -> 2491 | BA19: =IF(B19="","",K19) -> 1760 | BB19: =IF(B19="","",E19) -> 24 | BC19: =IF(B19="","",D19) -> INJ | BD19: =+G19 -> 0 | BE19: =IF(B19="","",I19) -> 2500 | BF19: =IF(O19="","",O19) -> NAG-06 | BG19: =J19 -> 0 | BH19: =M19 -> 0 | BI19: =IF(F19="","",F19) -> Facility Constraint | BJ19: =IF(D19="SI","",VLOOKUP(B19,WELL_FIELD,2)) -> NAG | BK19: =VLOOKUP(B19,WELL_FIELD,2) -> NAG
B20: MAPLE-01 | C20: ARC | D20: INJ | E20: 24 | H20: 2048 | I20: 2000 | J20: 0 | K20: 2040 | L20: 0 | M20: 0 | N20: =YSTCUM+H20 -> #NAME? | O20: OAKHIL-SW01 | P20: FIXED FLOW METER | V20: #NAME? | AW20: =IF(B20="","","KHALDA_INJ") -> KHALDA_INJ | AX20: =IF(AW20="","",REPORTDATE-1) -> 46298 | AY20: =IF(B20="","",$AV$2&B20) -> 9MAPLE-01 | AZ20: =IF(B20="","",IF(BB20=0,0,H20)) -> 2048 | BA20: =IF(B20="","",K20) -> 2040 | BB20: =IF(B20="","",E20) -> 24 | BC20: =IF(B20="","",D20) -> INJ | BD20: =+G20 -> 0 | BE20: =IF(B20="","",I20) -> 2000 | BF20: =IF(O20="","",O20) -> OAKHIL-SW01 | BG20: =J20 -> 0 | BH20: =M20 -> 0 | BI20: =IF(F20="","",F20) | BJ20: =IF(D20="SI","",VLOOKUP(B20,WELL_FIELD,2)) -> MAPLE | BK20: =VLOOKUP(B20,WELL_FIELD,2) -> MAPLE
B21: Maple-02ST1 | C21: ARE | D21: INJ | E21: 24 | H21: 0 | I21: 200 | J21: 0 | K21: 2170 | L21: 240 | M21: 0 | O21: NEAG-02 | P21: FIXED FLOW METER | R21: Scanner disconnected, well not taking water. | AW21: =IF(B21="","","KHALDA_INJ") -> KHALDA_INJ | AX21: =IF(AW21="","",REPORTDATE-1) -> 46298 | AY21: =IF(B21="","",$AV$2&B21) -> 9Maple-02ST1 | AZ21: =IF(B21="","",IF(BB21=0,0,H21)) -> 0 | BA21: =IF(B21="","",K21) -> 2170 | BB21: =IF(B21="","",E21) -> 24 | BC21: =IF(B21="","",D21) -> INJ | BD21: =+G21 -> 0 | BE21: =IF(B21="","",I21) -> 200 | BF21: =IF(O21="","",O21) -> NEAG-02 | BG21: =J21 -> 0 | BH21: =M21 -> 0 | BI21: =IF(F21="","",F21) | BJ21: =IF(D21="SI","",VLOOKUP(B21,WELL_FIELD,2)) -> MAPLE | BK21: =VLOOKUP(B21,WELL_FIELD,2) -> MAPLE
B22: OLYMPIC-03 | C22: ARC | D22: SI | E22: 0 | F22: Facility Constraint | H22: 0 | I22: 1500 | J22: 0 | K22: 0 | L22: 0 | M22: 0 | O22: OLYMPIC-01 | P22: FIXED FLOW METER | AW22: =IF(B22="","","KHALDA_INJ") -> KHALDA_INJ | AX22: =IF(AW22="","",REPORTDATE-1) -> 46298 | AY22: =IF(B22="","",$AV$2&B22) -> 9OLYMPIC-03 | AZ22: =IF(B22="","",IF(BB22=0,0,H22)) -> 0 | BA22: =IF(B22="","",K22) -> 0 | BB22: =IF(B22="","",E22) -> 0 | BC22: =IF(B22="","",D22) -> SI | BD22: =+G22 -> 0 | BE22: =IF(B22="","",I22) -> 1500 | BF22: =IF(O22="","",O22) -> OLYMPIC-01 | BG22: =J22 -> 0 | BH22: =M22 -> 0 | BI22: =IF(F22="","",F22) -> Facility Constraint | BJ22: =IF(D22="SI","",VLOOKUP(B22,WELL_FIELD,2)) | BK22: =VLOOKUP(B22,WELL_FIELD,2) -> OLYMPIC-N
B23: RIDGEWOOD-04 | C23: ARG | D23: INJ | E23: 20 | H23: 770 | I23: 1250 | J23: 0 | K23: 1950 | L23: 0 | M23: 0 | O23: RIDGEWOOD-01 | P23: FIXED FLOW METER | AW23: =IF(B23="","","KHALDA_INJ") -> KHALDA_INJ | AX23: =IF(AW23="","",REPORTDATE-1) -> 46298 | AY23: =IF(B23="","",$AV$2&B23) -> 9RIDGEWOOD-04 | AZ23: =IF(B23="","",IF(BB23=0,0,H23)) -> 770 | BA23: =IF(B23="","",K23) -> 1950 | BB23: =IF(B23="","",E23) -> 20 | BC23: =IF(B23="","",D23) -> INJ | BD23: =+G23 -> 0 | BE23: =IF(B23="","",I23) -> 1250 | BF23: =IF(O23="","",O23) -> RIDGEWOOD-01 | BG23: =J23 -> 0 | BH23: =M23 -> 0 | BI23: =IF(F23="","",F23) | BJ23: =IF(D23="SI","",VLOOKUP(B23,WELL_FIELD,2)) -> RIDGEWOOD | BK23: =VLOOKUP(B23,WELL_FIELD,2) -> RIDGEWOOD
B24: SHADOW-E03 | C24: ARE | D24: INJ | E24: 22 | H24: 413 | I24: 1500 | J24: 0 | K24: 0 | L24: 0 | M24: 0 | O24: SHADOW-E04 | P24: FIXED FLOW METER | R24: Rate Estimated, Scanner Battery Empty | AW24: =IF(B24="","","KHALDA_INJ") -> KHALDA_INJ | AX24: =IF(AW24="","",REPORTDATE-1) -> 46298 | AY24: =IF(B24="","",$AV$2&B24) -> 9SHADOW-E03 | AZ24: =IF(B24="","",IF(BB24=0,0,H24)) -> 413 | BA24: =IF(B24="","",K24) -> 0 | BB24: =IF(B24="","",E24) -> 22 | BC24: =IF(B24="","",D24) -> INJ | BD24: =+G24 -> 0 | BE24: =IF(B24="","",I24) -> 1500 | BF24: =IF(O24="","",O24) -> SHADOW-E04 | BG24: =J24 -> 0 | BH24: =M24 -> 0 | BI24: =IF(F24="","",F24) | BJ24: =IF(D24="SI","",VLOOKUP(B24,WELL_FIELD,2)) -> SHADOW | BK24: =VLOOKUP(B24,WELL_FIELD,2) -> SHADOW
B25: SHADOW-E12 | C25: ARE | D25: INJ | E25: 22 | F25: Facility Constraint | H25: 660 | I25: 700 | J25: 0 | K25: 2050 | L25: 0 | M25: 0 | O25: SHADOW-E04,E8, E10 | P25: FIXED FLOW METER | Q25: 45937 | R25: Rate Estimated, Scanner Battery Empty | AW25: =IF(B25="","","KHALDA_INJ") -> KHALDA_INJ | AX25: =IF(AW25="","",REPORTDATE-1) -> 46298 | AY25: =IF(B25="","",$AV$2&B25) -> 9SHADOW-E12 | AZ25: =IF(B25="","",IF(BB25=0,0,H25)) -> 660 | BA25: =IF(B25="","",K25) -> 2050 | BB25: =IF(B25="","",E25) -> 22 | BC25: =IF(B25="","",D25) -> INJ | BD25: =+G25 -> 0 | BE25: =IF(B25="","",I25) -> 700 | BF25: =IF(O25="","",O25) -> SHADOW-E04,E8, E10 | BG25: =J25 -> 0 | BH25: =M25 -> 0 | BI25: =IF(F25="","",F25) -> Facility Constraint | BJ25: =IF(D25="SI","",VLOOKUP(B25,WELL_FIELD,2)) -> SHADOW | BK25: =VLOOKUP(B25,WELL_FIELD,2) -> SHADOW
B26: SWAG-04 | C26: UBAH | D26: SI | E26: 0 | F26: Reservoir Study/Management | H26: 0 | I26: 0 | J26: 0 | K26: 0 | L26: 0 | M26: 0 | N26: =YSTCUM+H26 -> #NAME? | V26: #NAME? | AW26: =IF(B26="","","KHALDA_INJ") -> KHALDA_INJ | AX26: =IF(AW26="","",REPORTDATE-1) -> 46298 | AY26: =IF(B26="","",$AV$2&B26) -> 9SWAG-04 | AZ26: =IF(B26="","",IF(BB26=0,0,H26)) -> 0 | BA26: =IF(B26="","",K26) -> 0 | BB26: =IF(B26="","",E26) -> 0 | BC26: =IF(B26="","",D26) -> SI | BD26: =+G26 -> 0 | BE26: =IF(B26="","",I26) -> 0 | BF26: =IF(O26="","",O26) | BG26: =J26 -> 0 | BH26: =M26 -> 0 | BI26: =IF(F26="","",F26) -> Reservoir Study/Management | BJ26: =IF(D26="SI","",VLOOKUP(B26,WELL_FIELD,2)) | BK26: =VLOOKUP(B26,WELL_FIELD,2) -> SWAG
B27: SWAG-N05ST | C27: ARC | D27: INJ | E27: 22 | F27: Facility Constraint | H27: 743 | I27: 400 | J27: 0 | K27: 2200 | L27: 20 | M27: 0 | O27: SWAG-N01, N02 | P27: FIXED FLOW METER | Q27: 45937 | AW27: =IF(B27="","","KHALDA_INJ") -> KHALDA_INJ | AX27: =IF(AW27="","",REPORTDATE-1) -> 46298 | AY27: =IF(B27="","",$AV$2&B27) -> 9SWAG-N05ST | AZ27: =IF(B27="","",IF(BB27=0,0,H27)) -> 743 | BA27: =IF(B27="","",K27) -> 2200 | BB27: =IF(B27="","",E27) -> 22 | BC27: =IF(B27="","",D27) -> INJ | BD27: =+G27 -> 0 | BE27: =IF(B27="","",I27) -> 400 | BF27: =IF(O27="","",O27) -> SWAG-N01, N02 | BG27: =J27 -> 0 | BH27: =M27 -> 0 | BI27: =IF(F27="","",F27) -> Facility Constraint | BJ27: =IF(D27="SI","",VLOOKUP(B27,WELL_FIELD,2)) -> SWAG | BK27: =VLOOKUP(B27,WELL_FIELD,2) -> SWAG
